date,tank,sample_type,SampleID,TA,water_mass,TA_initial,mean.blanks,ID,pH_treatment,temp_treatment,volume,TA.start,TA.stop,deltaTA,timediff,umol.hr
###############################################################################################################################################################################################################################################################,2,Initial,T2_initial_S1,2007.747569,60.3041,2008.945482,92.16141533,NA,7.4,16,0.115,2025-07-16T09:30:00Z,2025-07-16T10:55:00Z,-90.963502,1.416666667,-3.784349223
###############################################################################################################################################################################################################################################################,2,Initial,T2_initial_S1,2007.747569,60.3041,2008.945482,92.16141533,NA,7.4,16,0.115,2025-07-16T09:30:00Z,2025-07-16T10:55:00Z,-90.963502,1.416666667,-3.784349223
###############################################################################################################################################################################################################################################################,2,Initial,T2_initial_S2,2012.092773,60.0516,2008.945482,92.16141533,NA,7.4,16,0.115,2025-07-16T09:30:00Z,2025-07-16T10:55:00Z,-95.308706,1.416666667,-3.965122489
###############################################################################################################################################################################################################################################################,2,Initial,T2_initial_S2,2012.092773,60.0516,2008.945482,92.16141533,NA,7.4,16,0.115,2025-07-16T09:30:00Z,2025-07-16T10:55:00Z,-95.308706,1.416666667,-3.965122489
###############################################################################################################################################################################################################################################################,2,Initial,T2_initial_S3,2006.996105,59.9095,2008.945482,92.16141533,NA,7.4,16,0.115,2025-07-16T09:30:00Z,2025-07-16T10:55:00Z,-90.212038,1.416666667,-3.75308611
###############################################################################################################################################################################################################################################################,2,Initial,T2_initial_S3,2006.996105,59.9095,2008.945482,92.16141533,NA,7.4,16,0.115,2025-07-16T09:30:00Z,2025-07-16T10:55:00Z,-90.212038,1.416666667,-3.75308611
###############################################################################################################################################################################################################################################################,2,NA,T2_Teg,2040.40816,59.8162,2008.945482,92.16141533,NA,7.4,16,0.115,2025-07-16T09:30:00Z,2025-07-16T10:55:00Z,-123.624093,1.416666667,-5.143125869
###############################################################################################################################################################################################################################################################,2,NA,T2_Teg,2040.40816,59.8162,2008.945482,92.16141533,NA,7.4,16,0.115,2025-07-16T09:30:00Z,2025-07-16T10:55:00Z,-123.624093,1.416666667,-5.143125869
###############################################################################################################################################################################################################################################################,4,Initial,T4_initial_S1,1949.583408,59.7492,1991.73149,34.25733967,NA,7.3,16,0.115,2025-07-16T09:30:00Z,2025-07-16T10:55:00Z,7.890742,1.416666667,0.328278075
###############################################################################################################################################################################################################################################################,4,Initial,T4_initial_S1,1949.583408,59.7492,1991.73149,34.25733967,NA,7.3,16,0.115,2025-07-16T09:30:00Z,2025-07-16T10:55:00Z,7.890742,1.416666667,0.328278075
###############################################################################################################################################################################################################################################################,4,Initial,T4_initial_S2,2007.14532,60.246,1991.73149,34.25733967,NA,7.3,16,0.115,2025-07-16T09:30:00Z,2025-07-16T10:55:00Z,-49.67117,1.416666667,-2.066466764
###############################################################################################################################################################################################################################################################,4,Initial,T4_initial_S2,2007.14532,60.246,1991.73149,34.25733967,NA,7.3,16,0.115,2025-07-16T09:30:00Z,2025-07-16T10:55:00Z,-49.67117,1.416666667,-2.066466764
###############################################################################################################################################################################################################################################################,4,Initial,T4_initial_S3,2018.465741,60.2114,1991.73149,34.25733967,NA,7.3,16,0.115,2025-07-16T09:30:00Z,2025-07-16T10:55:00Z,-60.991591,1.416666667,-2.537429573
###############################################################################################################################################################################################################################################################,4,Initial,T4_initial_S3,2018.465741,60.2114,1991.73149,34.25733967,NA,7.3,16,0.115,2025-07-16T09:30:00Z,2025-07-16T10:55:00Z,-60.991591,1.416666667,-2.537429573
###############################################################################################################################################################################################################################################################,4,NA,T4_Teg,1984.233657,60.3677,1991.73149,34.25733967,NA,7.3,16,0.115,2025-07-16T09:30:00Z,2025-07-16T10:55:00Z,-26.759507,1.416666667,-1.113274196
###############################################################################################################################################################################################################################################################,4,NA,T4_Teg,1984.233657,60.3677,1991.73149,34.25733967,NA,7.3,16,0.115,2025-07-16T09:30:00Z,2025-07-16T10:55:00Z,-26.759507,1.416666667,-1.113274196
###############################################################################################################################################################################################################################################################,5,Initial,T5_initial_S1,1945.04839,60.1629,1971.362368,67.196469,NA,7.7,16,0.115,2025-07-16T09:30:00Z,2025-07-16T10:55:00Z,-40.882491,1.416666667,-1.700831868
###############################################################################################################################################################################################################################################################,5,Initial,T5_initial_S1,1945.04839,60.1629,1971.362368,67.196469,NA,7.7,16,0.115,2025-07-16T09:30:00Z,2025-07-16T10:55:00Z,-40.882491,1.416666667,-1.700831868
###############################################################################################################################################################################################################################################################,5,Initial,T5_initial_S2,2009.607816,59.6263,1971.362368,67.196469,NA,7.7,16,0.115,2025-07-16T09:30:00Z,2025-07-16T10:55:00Z,-105.441917,1.416666667,-4.38669387
###############################################################################################################################################################################################################################################################,5,Initial,T5_initial_S2,2009.607816,59.6263,1971.362368,67.196469,NA,7.7,16,0.115,2025-07-16T09:30:00Z,2025-07-16T10:55:00Z,-105.441917,1.416666667,-4.38669387
###############################################################################################################################################################################################################################################################,5,Initial,T5_initial_S3,1959.430898,59.7436,1971.362368,67.196469,NA,7.7,16,0.115,2025-07-16T09:30:00Z,2025-07-16T10:55:00Z,-55.264999,1.416666667,-2.299186503
###############################################################################################################################################################################################################################################################,5,Initial,T5_initial_S3,1959.430898,59.7436,1971.362368,67.196469,NA,7.7,16,0.115,2025-07-16T09:30:00Z,2025-07-16T10:55:00Z,-55.264999,1.416666667,-2.299186503
###############################################################################################################################################################################################################################################################,5,NA,T5_Teg,2054.068478,60.0751,1971.362368,67.196469,NA,7.7,16,0.115,2025-07-16T09:30:00Z,2025-07-16T10:55:00Z,-149.902579,1.416666667,-6.236388176
###############################################################################################################################################################################################################################################################,5,NA,T5_Teg,2054.068478,60.0751,1971.362368,67.196469,NA,7.7,16,0.115,2025-07-16T09:30:00Z,2025-07-16T10:55:00Z,-149.902579,1.416666667,-6.236388176
###############################################################################################################################################################################################################################################################,6,Initial,T6_initial_S1,2010.351247,59.767,2005.370443,105.5567027,NA,7.9,16,0.115,2025-07-16T09:30:00Z,2025-07-16T10:55:00Z,-110.537507,1.416666667,-4.598685402
###############################################################################################################################################################################################################################################################,6,Initial,T6_initial_S1,2010.351247,59.767,2005.370443,105.5567027,NA,7.9,16,0.115,2025-07-16T09:30:00Z,2025-07-16T10:55:00Z,-110.537507,1.416666667,-4.598685402
###############################################################################################################################################################################################################################################################,6,Initial,T6_initial_S2,2009.631767,59.9022,2005.370443,105.5567027,NA,7.9,16,0.115,2025-07-16T09:30:00Z,2025-07-16T10:55:00Z,-109.818027,1.416666667,-4.568752917
###############################################################################################################################################################################################################################################################,6,Initial,T6_initial_S2,2009.631767,59.9022,2005.370443,105.5567027,NA,7.9,16,0.115,2025-07-16T09:30:00Z,2025-07-16T10:55:00Z,-109.818027,1.416666667,-4.568752917
###############################################################################################################################################################################################################################################################,6,Initial,T6_initial_S3,1996.128314,59.8879,2005.370443,105.5567027,NA,7.9,16,0.115,2025-07-16T09:30:00Z,2025-07-16T10:55:00Z,-96.314574,1.416666667,-4.006969557
###############################################################################################################################################################################################################################################################,6,Initial,T6_initial_S3,1996.128314,59.8879,2005.370443,105.5567027,NA,7.9,16,0.115,2025-07-16T09:30:00Z,2025-07-16T10:55:00Z,-96.314574,1.416666667,-4.006969557
###############################################################################################################################################################################################################################################################,6,NA,T6_Teg,2053.651016,60.1269,2005.370443,105.5567027,NA,7.9,16,0.115,2025-07-16T09:30:00Z,2025-07-16T10:55:00Z,-153.837276,1.416666667,-6.400083144
###############################################################################################################################################################################################################################################################,6,NA,T6_Teg,2053.651016,60.1269,2005.370443,105.5567027,NA,7.9,16,0.115,2025-07-16T09:30:00Z,2025-07-16T10:55:00Z,-153.837276,1.416666667,-6.400083144
###############################################################################################################################################################################################################################################################,2,Blank,T2_blank,1916.784067,60.3275,2008.945482,92.16141533,NA,7.4,16,0.115,2025-07-16T09:30:00Z,2025-07-16T10:55:00Z,0,1.416666667,0
###############################################################################################################################################################################################################################################################,2,Blank,T2_blank,1916.784067,60.3275,2008.945482,92.16141533,NA,7.4,16,0.115,2025-07-16T09:30:00Z,2025-07-16T10:55:00Z,0,1.416666667,0
###############################################################################################################################################################################################################################################################,4,Blank,T4_blank,1957.47415,60.0214,1991.73149,34.25733967,NA,7.3,16,0.115,2025-07-16T09:30:00Z,2025-07-16T10:55:00Z,0,1.416666667,0
###############################################################################################################################################################################################################################################################,4,Blank,T4_blank,1957.47415,60.0214,1991.73149,34.25733967,NA,7.3,16,0.115,2025-07-16T09:30:00Z,2025-07-16T10:55:00Z,0,1.416666667,0
###############################################################################################################################################################################################################################################################,5,Blank,T5_blank,1904.165899,60.1711,1971.362368,67.196469,NA,7.7,16,0.115,2025-07-16T09:30:00Z,2025-07-16T10:55:00Z,0,1.416666667,0
###############################################################################################################################################################################################################################################################,5,Blank,T5_blank,1904.165899,60.1711,1971.362368,67.196469,NA,7.7,16,0.115,2025-07-16T09:30:00Z,2025-07-16T10:55:00Z,0,1.416666667,0
###############################################################################################################################################################################################################################################################,6,Blank,T6_blank,1899.81374,59.7837,2005.370443,105.5567027,NA,7.9,16,0.115,2025-07-16T09:30:00Z,2025-07-16T10:55:00Z,0,1.416666667,0
###############################################################################################################################################################################################################################################################,6,Blank,T6_blank,1899.81374,59.7837,2005.370443,105.5567027,NA,7.9,16,0.115,2025-07-16T09:30:00Z,2025-07-16T10:55:00Z,0,1.416666667,0
###############################################################################################################################################################################################################################################################,13,Initial,T13_initial_S1,2004.571865,59.9964,1968.84088,72.61319067,NA,8,16,0.115,2025-07-16T11:25:00Z,2025-07-16T12:40:00Z,-108.344176,1.25,-5.108427898
###############################################################################################################################################################################################################################################################,13,Initial,T13_initial_S1,2004.571865,59.9964,1968.84088,72.61319067,NA,8,16,0.115,2025-07-16T11:25:00Z,2025-07-16T12:40:00Z,-108.344176,1.25,-5.108427898
###############################################################################################################################################################################################################################################################,13,Initial,T13_initial_S2,1906.663713,60.4167,1968.84088,72.61319067,NA,8,16,0.115,2025-07-16T11:25:00Z,2025-07-16T12:40:00Z,-10.436024,1.25,-0.492058532
###############################################################################################################################################################################################################################################################,13,Initial,T13_initial_S2,1906.663713,60.4167,1968.84088,72.61319067,NA,8,16,0.115,2025-07-16T11:25:00Z,2025-07-16T12:40:00Z,-10.436024,1.25,-0.492058532
###############################################################################################################################################################################################################################################################,13,Initial,T13_initial_S3,1995.287061,60.1903,1968.84088,72.61319067,NA,8,16,0.115,2025-07-16T11:25:00Z,2025-07-16T12:40:00Z,-99.059372,1.25,-4.67064939
###############################################################################################################################################################################################################################################################,13,Initial,T13_initial_S3,1995.287061,60.1903,1968.84088,72.61319067,NA,8,16,0.115,2025-07-16T11:25:00Z,2025-07-16T12:40:00Z,-99.059372,1.25,-4.67064939
###############################################################################################################################################################################################################################################################,13,NA,T13_Teg,2008.338337,59.9199,1968.84088,72.61319067,NA,8,16,0.115,2025-07-16T11:25:00Z,2025-07-16T12:40:00Z,-112.110648,1.25,-5.286017053
###############################################################################################################################################################################################################################################################,13,NA,T13_Teg,2008.338337,59.9199,1968.84088,72.61319067,NA,8,16,0.115,2025-07-16T11:25:00Z,2025-07-16T12:40:00Z,-112.110648,1.25,-5.286017053
###############################################################################################################################################################################################################################################################,13,Blank,T13_SBlank,1896.227689,60.4711,1968.84088,72.61319067,NA,8,16,0.115,2025-07-16T11:25:00Z,2025-07-16T12:40:00Z,0,1.25,0
###############################################################################################################################################################################################################################################################,13,Blank,T13_SBlank,1896.227689,60.4711,1968.84088,72.61319067,NA,8,16,0.115,2025-07-16T11:25:00Z,2025-07-16T12:40:00Z,0,1.25,0
###############################################################################################################################################################################################################################################################,7,Initial,T7_initial_S1,1997.342787,59.7948,2001.293309,65.73709233,NA,7.5,16,0.115,2025-07-16T09:30:00Z,2025-07-16T10:55:00Z,-61.78657,1.416666667,-2.570503037
###############################################################################################################################################################################################################################################################,7,Initial,T7_initial_S1,1997.342787,59.7948,2001.293309,65.73709233,NA,7.5,16,0.115,2025-07-16T09:30:00Z,2025-07-16T10:55:00Z,-61.78657,1.416666667,-2.570503037
###############################################################################################################################################################################################################################################################,7,Initial,T7_initial_S2,2004.165937,59.9154,2001.293309,65.73709233,NA,7.5,16,0.115,2025-07-16T09:30:00Z,2025-07-16T10:55:00Z,-68.60972,1.416666667,-2.854366145
###############################################################################################################################################################################################################################################################,7,Initial,T7_initial_S2,2004.165937,59.9154,2001.293309,65.73709233,NA,7.5,16,0.115,2025-07-16T09:30:00Z,2025-07-16T10:55:00Z,-68.60972,1.416666667,-2.854366145
###############################################################################################################################################################################################################################################################,7,Initial,T7_initial_S3,2002.371204,60.2693,2001.293309,65.73709233,NA,7.5,16,0.115,2025-07-16T09:30:00Z,2025-07-16T10:55:00Z,-66.814987,1.416666667,-2.779699974
###############################################################################################################################################################################################################################################################,7,Initial,T7_initial_S3,2002.371204,60.2693,2001.293309,65.73709233,NA,7.5,16,0.115,2025-07-16T09:30:00Z,2025-07-16T10:55:00Z,-66.814987,1.416666667,-2.779699974
###############################################################################################################################################################################################################################################################,7,NA,T7_Teg,2052.371883,59.7537,2001.293309,65.73709233,NA,7.5,16,0.115,2025-07-16T09:30:00Z,2025-07-16T10:55:00Z,-116.815666,1.416666667,-4.859875281
###############################################################################################################################################################################################################################################################,7,NA,T7_Teg,2052.371883,59.7537,2001.293309,65.73709233,NA,7.5,16,0.115,2025-07-16T09:30:00Z,2025-07-16T10:55:00Z,-116.815666,1.416666667,-4.859875281
###############################################################################################################################################################################################################################################################,7,Blank,T7_SBlank,1935.556217,60.2885,2001.293309,65.73709233,NA,7.5,16,0.115,2025-07-16T09:30:00Z,2025-07-16T10:55:00Z,0,1.416666667,0
###############################################################################################################################################################################################################################################################,7,Blank,T7_SBlank,1935.556217,60.2885,2001.293309,65.73709233,NA,7.5,16,0.115,2025-07-16T09:30:00Z,2025-07-16T10:55:00Z,0,1.416666667,0
###############################################################################################################################################################################################################################################################,14,Initial,T14_initial_S1,1997.04978,59.7346,2000.872323,73.06323667,NA,7.2,20,0.115,2025-07-16T17:20:00Z,2025-07-16T18:35:00Z,-69.240694,1.25,-3.264698722
###############################################################################################################################################################################################################################################################,14,Initial,T14_initial_S1,1997.04978,59.7346,2000.872323,73.06323667,NA,7.2,20,0.115,2025-07-16T17:20:00Z,2025-07-16T18:35:00Z,-69.240694,1.25,-3.264698722
###############################################################################################################################################################################################################################################################,14,Initial,T14_initial_S2,2004.867996,59.6227,2000.872323,73.06323667,NA,7.2,20,0.115,2025-07-16T17:20:00Z,2025-07-16T18:35:00Z,-77.05891,1.25,-3.633327606
###############################################################################################################################################################################################################################################################,14,Initial,T14_initial_S2,2004.867996,59.6227,2000.872323,73.06323667,NA,7.2,20,0.115,2025-07-16T17:20:00Z,2025-07-16T18:35:00Z,-77.05891,1.25,-3.633327606
###############################################################################################################################################################################################################################################################,14,Initial,T14_initial_S3,2000.699192,59.712,2000.872323,73.06323667,NA,7.2,20,0.115,2025-07-16T17:20:00Z,2025-07-16T18:35:00Z,-72.890106,1.25,-3.436768498
###############################################################################################################################################################################################################################################################,14,Initial,T14_initial_S3,2000.699192,59.712,2000.872323,73.06323667,NA,7.2,20,0.115,2025-07-16T17:20:00Z,2025-07-16T18:35:00Z,-72.890106,1.25,-3.436768498
###############################################################################################################################################################################################################################################################,14,NA,T14_Teg,2026.056005,60.2312,2000.872323,73.06323667,NA,7.2,20,0.115,2025-07-16T17:20:00Z,2025-07-16T18:35:00Z,-98.246919,1.25,-4.632342231
###############################################################################################################################################################################################################################################################,14,NA,T14_Teg,2026.056005,60.2312,2000.872323,73.06323667,NA,7.2,20,0.115,2025-07-16T17:20:00Z,2025-07-16T18:35:00Z,-98.246919,1.25,-4.632342231
###############################################################################################################################################################################################################################################################,14,Blank,T14_SBlank,1927.809086,59.5936,2000.872323,73.06323667,NA,7.2,20,0.115,2025-07-16T17:20:00Z,2025-07-16T18:35:00Z,0,1.25,0
###############################################################################################################################################################################################################################################################,14,Blank,T14_SBlank,1927.809086,59.5936,2000.872323,73.06323667,NA,7.2,20,0.115,2025-07-16T17:20:00Z,2025-07-16T18:35:00Z,0,1.25,0
###############################################################################################################################################################################################################################################################,1,Initial,T1_initial_S1,1925.480444,59.7079,1939.708966,49.16580567,NA,7.6,20,0.115,2025-07-16T17:20:00Z,2025-07-16T18:35:00Z,-34.937284,1.25,-1.647292941
###############################################################################################################################################################################################################################################################,1,Initial,T1_initial_S1,1925.480444,59.7079,1939.708966,49.16580567,NA,7.6,20,0.115,2025-07-16T17:20:00Z,2025-07-16T18:35:00Z,-34.937284,1.25,-1.647292941
###############################################################################################################################################################################################################################################################,1,Initial,T1_initial_S2,1973.118315,59.6221,1939.708966,49.16580567,NA,7.6,20,0.115,2025-07-16T17:20:00Z,2025-07-16T18:35:00Z,-82.575155,1.25,-3.893418558
###############################################################################################################################################################################################################################################################,1,Initial,T1_initial_S2,1973.118315,59.6221,1939.708966,49.16580567,NA,7.6,20,0.115,2025-07-16T17:20:00Z,2025-07-16T18:35:00Z,-82.575155,1.25,-3.893418558
###############################################################################################################################################################################################################################################################,1,Initial,T1_initial_S3,1920.528138,59.9391,1939.708966,49.16580567,NA,7.6,20,0.115,2025-07-16T17:20:00Z,2025-07-16T18:35:00Z,-29.984978,1.25,-1.413791713
###############################################################################################################################################################################################################################################################,1,Initial,T1_initial_S3,1920.528138,59.9391,1939.708966,49.16580567,NA,7.6,20,0.115,2025-07-16T17:20:00Z,2025-07-16T18:35:00Z,-29.984978,1.25,-1.413791713
###############################################################################################################################################################################################################################################################,1,NA,T1_Teg,2004.629345,59.6729,1939.708966,49.16580567,NA,7.6,20,0.115,2025-07-16T17:20:00Z,2025-07-16T18:35:00Z,-114.086185,1.25,-5.379163623
###############################################################################################################################################################################################################################################################,1,NA,T1_Teg,2004.629345,59.6729,1939.708966,49.16580567,NA,7.6,20,0.115,2025-07-16T17:20:00Z,2025-07-16T18:35:00Z,-114.086185,1.25,-5.379163623
###############################################################################################################################################################################################################################################################,1,Blank,T1_SBlank,1890.54316,60.3929,1939.708966,49.16580567,NA,7.6,20,0.115,2025-07-16T17:20:00Z,2025-07-16T18:35:00Z,0,1.25,0
###############################################################################################################################################################################################################################################################,1,Blank,T1_SBlank,1890.54316,60.3929,1939.708966,49.16580567,NA,7.6,20,0.115,2025-07-16T17:20:00Z,2025-07-16T18:35:00Z,0,1.25,0
###############################################################################################################################################################################################################################################################,8,Initial,T8_initial_S1,2005.84306,59.7581,2001.892117,68.061755,NA,7.6,16,0.115,2025-07-16T11:25:00Z,2025-07-16T12:40:00Z,-72.012698,1.25,-3.395398711
###############################################################################################################################################################################################################################################################,8,Initial,T8_initial_S1,2005.84306,59.7581,2001.892117,68.061755,NA,7.6,16,0.115,2025-07-16T11:25:00Z,2025-07-16T12:40:00Z,-72.012698,1.25,-3.395398711
###############################################################################################################################################################################################################################################################,8,Initial,T8_initial_S2,2000.562876,59.7145,2001.892117,68.061755,NA,7.6,16,0.115,2025-07-16T11:25:00Z,2025-07-16T12:40:00Z,-66.732514,1.25,-3.146438035
###############################################################################################################################################################################################################################################################,8,Initial,T8_initial_S2,2000.562876,59.7145,2001.892117,68.061755,NA,7.6,16,0.115,2025-07-16T11:25:00Z,2025-07-16T12:40:00Z,-66.732514,1.25,-3.146438035
###############################################################################################################################################################################################################################################################,8,Initial,T8_initial_S3,1999.270415,59.9619,2001.892117,68.061755,NA,7.6,16,0.115,2025-07-16T11:25:00Z,2025-07-16T12:40:00Z,-65.440053,1.25,-3.085498499
###############################################################################################################################################################################################################################################################,8,Initial,T8_initial_S3,1999.270415,59.9619,2001.892117,68.061755,NA,7.6,16,0.115,2025-07-16T11:25:00Z,2025-07-16T12:40:00Z,-65.440053,1.25,-3.085498499
###############################################################################################################################################################################################################################################################,8,Blank,T8_Sblank,1933.830362,60,2001.892117,68.061755,NA,7.6,16,0.115,2025-07-16T11:25:00Z,2025-07-16T12:40:00Z,0,1.25,0
###############################################################################################################################################################################################################################################################,8,Blank,T8_Sblank,1933.830362,60,2001.892117,68.061755,NA,7.6,16,0.115,2025-07-16T11:25:00Z,2025-07-16T12:40:00Z,0,1.25,0
###############################################################################################################################################################################################################################################################,8,NA,T8_Teg,2012.094238,59.7877,2001.892117,68.061755,NA,7.6,16,0.115,2025-07-16T11:25:00Z,2025-07-16T12:40:00Z,-78.263876,1.25,-3.690141753
###############################################################################################################################################################################################################################################################,8,NA,T8_Teg,2012.094238,59.7877,2001.892117,68.061755,NA,7.6,16,0.115,2025-07-16T11:25:00Z,2025-07-16T12:40:00Z,-78.263876,1.25,-3.690141753
###############################################################################################################################################################################################################################################################,9,Initial,T9_initial_S1,2004.896154,59.8085,2004.528725,91.874546,NA,7.2,16,0.115,2025-07-16T11:25:00Z,2025-07-16T12:40:00Z,-92.241975,1.25,-4.349209121
###############################################################################################################################################################################################################################################################,9,Initial,T9_initial_S1,2004.896154,59.8085,2004.528725,91.874546,NA,7.2,16,0.115,2025-07-16T11:25:00Z,2025-07-16T12:40:00Z,-92.241975,1.25,-4.349209121
###############################################################################################################################################################################################################################################################,9,Initial,T9_initial_S2,2004.370683,60.2269,2004.528725,91.874546,NA,7.2,16,0.115,2025-07-16T11:25:00Z,2025-07-16T12:40:00Z,-91.716504,1.25,-4.324433164
###############################################################################################################################################################################################################################################################,9,Initial,T9_initial_S2,2004.370683,60.2269,2004.528725,91.874546,NA,7.2,16,0.115,2025-07-16T11:25:00Z,2025-07-16T12:40:00Z,-91.716504,1.25,-4.324433164
###############################################################################################################################################################################################################################################################,9,Initial,T9_initial_S3,2004.319338,59.7675,2004.528725,91.874546,NA,7.2,16,0.115,2025-07-16T11:25:00Z,2025-07-16T12:40:00Z,-91.665159,1.25,-4.322012247
###############################################################################################################################################################################################################################################################,9,Initial,T9_initial_S3,2004.319338,59.7675,2004.528725,91.874546,NA,7.2,16,0.115,2025-07-16T11:25:00Z,2025-07-16T12:40:00Z,-91.665159,1.25,-4.322012247
###############################################################################################################################################################################################################################################################,9,NA,T9_Teg,2042.564383,60.0997,2004.528725,91.874546,NA,7.2,16,0.115,2025-07-16T11:25:00Z,2025-07-16T12:40:00Z,-129.910204,1.25,-6.125266119
###############################################################################################################################################################################################################################################################,9,NA,T9_Teg,2042.564383,60.0997,2004.528725,91.874546,NA,7.2,16,0.115,2025-07-16T11:25:00Z,2025-07-16T12:40:00Z,-129.910204,1.25,-6.125266119
###############################################################################################################################################################################################################################################################,9,Blank,T9_SBlank,1912.654179,60.2117,2004.528725,91.874546,NA,7.2,16,0.115,2025-07-16T11:25:00Z,2025-07-16T12:40:00Z,0,1.25,0
###############################################################################################################################################################################################################################################################,9,Blank,T9_SBlank,1912.654179,60.2117,2004.528725,91.874546,NA,7.2,16,0.115,2025-07-16T11:25:00Z,2025-07-16T12:40:00Z,0,1.25,0
###############################################################################################################################################################################################################################################################,10,Initial,T10_initial_S1,2002.804405,60.1854,2003.840735,71.55069167,NA,7.8,16,0.115,2025-07-16T11:25:00Z,2025-07-16T12:40:00Z,-70.514362,1.25,-3.324752168
###############################################################################################################################################################################################################################################################,10,Initial,T10_initial_S1,2002.804405,60.1854,2003.840735,71.55069167,NA,7.8,16,0.115,2025-07-16T11:25:00Z,2025-07-16T12:40:00Z,-70.514362,1.25,-3.324752168
###############################################################################################################################################################################################################################################################,10,Initial,T10_initial_S2,2004.76452,60.3893,2003.840735,71.55069167,NA,7.8,16,0.115,2025-07-16T11:25:00Z,2025-07-16T12:40:00Z,-72.474477,1.25,-3.417171591
###############################################################################################################################################################################################################################################################,10,Initial,T10_initial_S2,2004.76452,60.3893,2003.840735,71.55069167,NA,7.8,16,0.115,2025-07-16T11:25:00Z,2025-07-16T12:40:00Z,-72.474477,1.25,-3.417171591
###############################################################################################################################################################################################################################################################,10,Initial,T10_initial_S3,2003.953279,60.157,2003.840735,71.55069167,NA,7.8,16,0.115,2025-07-16T11:25:00Z,2025-07-16T12:40:00Z,-71.663236,1.25,-3.378921577
###############################################################################################################################################################################################################################################################,10,Initial,T10_initial_S3,2003.953279,60.157,2003.840735,71.55069167,NA,7.8,16,0.115,2025-07-16T11:25:00Z,2025-07-16T12:40:00Z,-71.663236,1.25,-3.378921577
###############################################################################################################################################################################################################################################################,10,NA,T10_Teg,1926.89195,60.1104,2003.840735,71.55069167,NA,7.8,16,0.115,2025-07-16T11:25:00Z,2025-07-16T12:40:00Z,5.398093,1.25,0.254520085
###############################################################################################################################################################################################################################################################,10,NA,T10_Teg,1926.89195,60.1104,2003.840735,71.55069167,NA,7.8,16,0.115,2025-07-16T11:25:00Z,2025-07-16T12:40:00Z,5.398093,1.25,0.254520085
###############################################################################################################################################################################################################################################################,10,Blank,T10_Sblank,1932.290043,59.7132,2003.840735,71.55069167,NA,7.8,16,0.115,2025-07-16T11:25:00Z,2025-07-16T12:40:00Z,0,1.25,0
###############################################################################################################################################################################################################################################################,10,Blank,T10_Sblank,1932.290043,59.7132,2003.840735,71.55069167,NA,7.8,16,0.115,2025-07-16T11:25:00Z,2025-07-16T12:40:00Z,0,1.25,0
20241222,18,Initial,T18_initial_S1,1941.662198,59.6139,1971.031874,25.983595,NA,7.3,20,0.115,2025-07-16T18:55:00Z,2025-07-16T20:08:00Z,3.386081,1.216666667,0.164027794
20241222,18,Initial,T18_initial_S1,1941.662198,59.6139,1971.031874,25.983595,NA,7.3,20,0.115,2025-07-16T18:55:00Z,2025-07-16T20:08:00Z,3.386081,1.216666667,0.164027794
20241222,18,Initial,T18_initial_S2,1957.128649,59.8563,1971.031874,25.983595,NA,7.3,20,0.115,2025-07-16T18:55:00Z,2025-07-16T20:08:00Z,-12.08037,1.216666667,-0.585194636
20241222,18,Initial,T18_initial_S2,1957.128649,59.8563,1971.031874,25.983595,NA,7.3,20,0.115,2025-07-16T18:55:00Z,2025-07-16T20:08:00Z,-12.08037,1.216666667,-0.585194636
20241222,18,Initial,T18_initial_S3,2014.304775,59.8742,1971.031874,25.983595,NA,7.3,20,0.115,2025-07-16T18:55:00Z,2025-07-16T20:08:00Z,-69.256496,1.216666667,-3.354908
20241222,18,Initial,T18_initial_S3,2014.304775,59.8742,1971.031874,25.983595,NA,7.3,20,0.115,2025-07-16T18:55:00Z,2025-07-16T20:08:00Z,-69.256496,1.216666667,-3.354908
20241222,18,NA,T18_Teg,2023.350857,59.8422,1971.031874,25.983595,NA,7.3,20,0.115,2025-07-16T18:55:00Z,2025-07-16T20:08:00Z,-78.302578,1.216666667,-3.793116321
20241222,18,NA,T18_Teg,2023.350857,59.8422,1971.031874,25.983595,NA,7.3,20,0.115,2025-07-16T18:55:00Z,2025-07-16T20:08:00Z,-78.302578,1.216666667,-3.793116321
20241222,18,Blank,T18_SBlank,1945.048279,60.1217,1971.031874,25.983595,NA,7.3,20,0.115,2025-07-16T18:55:00Z,2025-07-16T20:08:00Z,0,1.216666667,0
20241222,18,Blank,T18_SBlank,1945.048279,60.1217,1971.031874,25.983595,NA,7.3,20,0.115,2025-07-16T18:55:00Z,2025-07-16T20:08:00Z,0,1.216666667,0
20241222,19,Initial,T19_initial_S1,1991.073259,59.7646,1993.3273,102.1048747,NA,8,20,0.115,2025-07-16T18:55:00Z,2025-07-16T20:08:00Z,-99.850834,1.216666667,-4.836952216
20241222,19,Initial,T19_initial_S1,1991.073259,59.7646,1993.3273,102.1048747,NA,8,20,0.115,2025-07-16T18:55:00Z,2025-07-16T20:08:00Z,-99.850834,1.216666667,-4.836952216
20241222,19,Initial,T19_initial_S2,2008.865825,59.9807,1993.3273,102.1048747,NA,8,20,0.115,2025-07-16T18:55:00Z,2025-07-16T20:08:00Z,-117.6434,1.216666667,-5.698855798
20241222,19,Initial,T19_initial_S2,2008.865825,59.9807,1993.3273,102.1048747,NA,8,20,0.115,2025-07-16T18:55:00Z,2025-07-16T20:08:00Z,-117.6434,1.216666667,-5.698855798
20241222,19,Initial,T19_initialS3,1980.042815,59.7122,1993.3273,102.1048747,NA,8,20,0.115,2025-07-16T18:55:00Z,2025-07-16T20:08:00Z,-88.82039,1.216666667,-4.302617865
20241222,19,Initial,T19_initialS3,1980.042815,59.7122,1993.3273,102.1048747,NA,8,20,0.115,2025-07-16T18:55:00Z,2025-07-16T20:08:00Z,-88.82039,1.216666667,-4.302617865
20241222,19,NA,T19_Teg,1994.161726,60.0252,1993.3273,102.1048747,NA,8,20,0.115,2025-07-16T18:55:00Z,2025-07-16T20:08:00Z,-102.939301,1.216666667,-4.986563057
20241222,19,NA,T19_Teg,1994.161726,60.0252,1993.3273,102.1048747,NA,8,20,0.115,2025-07-16T18:55:00Z,2025-07-16T20:08:00Z,-102.939301,1.216666667,-4.986563057
20241222,19,Blank,T19_SBlank,1891.222425,59.9952,1993.3273,102.1048747,NA,8,20,0.115,2025-07-16T18:55:00Z,2025-07-16T20:08:00Z,0,1.216666667,0
20241222,19,Blank,T19_SBlank,1891.222425,59.9952,1993.3273,102.1048747,NA,8,20,0.115,2025-07-16T18:55:00Z,2025-07-16T20:08:00Z,0,1.216666667,0
20241222,12,Initial,T12_initial_S2,2001.050622,59.7708,2007.523343,31.15628867,NA,7.4,20,0.115,2025-07-16T17:20:00Z,2025-07-16T18:35:00Z,-24.683568,1.25,-1.163830231
20241222,12,Initial,T12_initial_S2,2001.050622,59.7708,2007.523343,31.15628867,NA,7.4,20,0.115,2025-07-16T17:20:00Z,2025-07-16T18:35:00Z,-24.683568,1.25,-1.163830231
20241222,12,Initial,T12_initial_S3,2008.226972,60.1179,2007.523343,31.15628867,NA,7.4,20,0.115,2025-07-16T17:20:00Z,2025-07-16T18:35:00Z,-31.859918,1.25,-1.502195134
20241222,12,Initial,T12_initial_S3,2008.226972,60.1179,2007.523343,31.15628867,NA,7.4,20,0.115,2025-07-16T17:20:00Z,2025-07-16T18:35:00Z,-31.859918,1.25,-1.502195134
20241222,12,Initial,T12_initial_S1,2013.292434,59.638,2007.523343,31.15628867,NA,7.4,20,0.115,2025-07-16T17:20:00Z,2025-07-16T18:35:00Z,-36.92538,1.25,-1.741031667
20241222,12,Initial,T12_initial_S1,2013.292434,59.638,2007.523343,31.15628867,NA,7.4,20,0.115,2025-07-16T17:20:00Z,2025-07-16T18:35:00Z,-36.92538,1.25,-1.741031667
20241222,12,NA,T12_Teg,1989.749008,60.0648,2007.523343,31.15628867,NA,7.4,20,0.115,2025-07-16T17:20:00Z,2025-07-16T18:35:00Z,-13.381954,1.25,-0.630959131
20241222,12,NA,T12_Teg,1989.749008,60.0648,2007.523343,31.15628867,NA,7.4,20,0.115,2025-07-16T17:20:00Z,2025-07-16T18:35:00Z,-13.381954,1.25,-0.630959131
20241222,12,Blank,T12_SBlank,1976.367054,60.0873,2007.523343,31.15628867,NA,7.4,20,0.115,2025-07-16T17:20:00Z,2025-07-16T18:35:00Z,0,1.25,0
20241222,12,Blank,T12_SBlank,1976.367054,60.0873,2007.523343,31.15628867,NA,7.4,20,0.115,2025-07-16T17:20:00Z,2025-07-16T18:35:00Z,0,1.25,0
20241222,11,Initial,T11_initial_S1,2013.946983,60.4634,2011.039823,88.33648867,NA,7.5,20,0.115,2025-07-16T17:20:00Z,2025-07-16T18:35:00Z,-91.243649,1.25,-4.30213805
20241222,11,Initial,T11_initial_S1,2013.946983,60.4634,2011.039823,88.33648867,NA,7.5,20,0.115,2025-07-16T17:20:00Z,2025-07-16T18:35:00Z,-91.243649,1.25,-4.30213805
20241222,11,Initial,T11_initial_S2,2007.21859,60.0882,2011.039823,88.33648867,NA,7.5,20,0.115,2025-07-16T17:20:00Z,2025-07-16T18:35:00Z,-84.515256,1.25,-3.98489432
20241222,11,Initial,T11_initial_S2,2007.21859,60.0882,2011.039823,88.33648867,NA,7.5,20,0.115,2025-07-16T17:20:00Z,2025-07-16T18:35:00Z,-84.515256,1.25,-3.98489432
20241222,11,Initial,T11_initial_S3,2011.953895,59.5974,2011.039823,88.33648867,NA,7.5,20,0.115,2025-07-16T17:20:00Z,2025-07-16T18:35:00Z,-89.250561,1.25,-4.208163951
20241222,11,Initial,T11_initial_S3,2011.953895,59.5974,2011.039823,88.33648867,NA,7.5,20,0.115,2025-07-16T17:20:00Z,2025-07-16T18:35:00Z,-89.250561,1.25,-4.208163951
20241222,11,NA,T11_Teg,2063.229541,60.4073,2011.039823,88.33648867,NA,7.5,20,0.115,2025-07-16T17:20:00Z,2025-07-16T18:35:00Z,-140.526207,1.25,-6.62581066
20241222,11,NA,T11_Teg,2063.229541,60.4073,2011.039823,88.33648867,NA,7.5,20,0.115,2025-07-16T17:20:00Z,2025-07-16T18:35:00Z,-140.526207,1.25,-6.62581066
20241222,11,Blank,T11_SBlank,1922.703334,60.3736,2011.039823,88.33648867,NA,7.5,20,0.115,2025-07-16T17:20:00Z,2025-07-16T18:35:00Z,0,1.25,0
20241222,11,Blank,T11_SBlank,1922.703334,60.3736,2011.039823,88.33648867,NA,7.5,20,0.115,2025-07-16T17:20:00Z,2025-07-16T18:35:00Z,0,1.25,0
20241222,3,Initial,T3_initial_S1,1987.580003,60.2551,1982.83213,71.38018767,NA,7.8,20,0.115,2025-07-16T17:20:00Z,2025-07-16T18:35:00Z,-76.128061,1.25,-3.589438076
20241222,3,Initial,T3_initial_S1,1987.580003,60.2551,1982.83213,71.38018767,NA,7.8,20,0.115,2025-07-16T17:20:00Z,2025-07-16T18:35:00Z,-76.128061,1.25,-3.589438076
20241222,3,Initial,T3_initial_S2,1980.490607,60.1415,1982.83213,71.38018767,NA,7.8,20,0.115,2025-07-16T17:20:00Z,2025-07-16T18:35:00Z,-69.038665,1.25,-3.255173055
20241222,3,Initial,T3_initial_S2,1980.490607,60.1415,1982.83213,71.38018767,NA,7.8,20,0.115,2025-07-16T17:20:00Z,2025-07-16T18:35:00Z,-69.038665,1.25,-3.255173055
20241222,3,Initial,T3_initial_S3,1980.425779,59.8828,1982.83213,71.38018767,NA,7.8,20,0.115,2025-07-16T17:20:00Z,2025-07-16T18:35:00Z,-68.973837,1.25,-3.252116415
20241222,3,Initial,T3_initial_S3,1980.425779,59.8828,1982.83213,71.38018767,NA,7.8,20,0.115,2025-07-16T17:20:00Z,2025-07-16T18:35:00Z,-68.973837,1.25,-3.252116415
20241222,3,NA,T3_Teg,1868.059009,60.3572,1982.83213,71.38018767,NA,7.8,20,0.115,2025-07-16T17:20:00Z,2025-07-16T18:35:00Z,43.392933,1.25,2.045976791
20241222,3,NA,T3_Teg,1868.059009,60.3572,1982.83213,71.38018767,NA,7.8,20,0.115,2025-07-16T17:20:00Z,2025-07-16T18:35:00Z,43.392933,1.25,2.045976791
20241222,3,Blank,T3_SBlank,1911.451942,60.3438,1982.83213,71.38018767,NA,7.8,20,0.115,2025-07-16T17:20:00Z,2025-07-16T18:35:00Z,0,1.25,0
20241222,3,Blank,T3_SBlank,1911.451942,60.3438,1982.83213,71.38018767,NA,7.8,20,0.115,2025-07-16T17:20:00Z,2025-07-16T18:35:00Z,0,1.25,0
20241222,15,Initial,T15_initial_S1,1999.58655,59.8677,1999.19044,75.062051,NA,7.7,20,0.115,2025-07-16T18:55:00Z,2025-07-16T20:08:00Z,-75.458161,1.216666667,-3.655327696
20241222,15,Initial,T15_initial_S1,1999.58655,59.8677,1999.19044,75.062051,NA,7.7,20,0.115,2025-07-16T18:55:00Z,2025-07-16T20:08:00Z,-75.458161,1.216666667,-3.655327696
20241222,15,Initial,T15_initial_S2,2007.296524,59.8048,1999.19044,75.062051,NA,7.7,20,0.115,2025-07-16T18:55:00Z,2025-07-16T20:08:00Z,-83.168135,1.216666667,-4.028812567
20241222,15,Initial,T15_initial_S2,2007.296524,59.8048,1999.19044,75.062051,NA,7.7,20,0.115,2025-07-16T18:55:00Z,2025-07-16T20:08:00Z,-83.168135,1.216666667,-4.028812567
20241222,15,Initial,T15_initial_S3,1990.688246,60.3733,1999.19044,75.062051,NA,7.7,20,0.115,2025-07-16T18:55:00Z,2025-07-16T20:08:00Z,-66.559857,1.216666667,-3.224278004
20241222,15,Initial,T15_initial_S3,1990.688246,60.3733,1999.19044,75.062051,NA,7.7,20,0.115,2025-07-16T18:55:00Z,2025-07-16T20:08:00Z,-66.559857,1.216666667,-3.224278004
20241222,15,NA,T15_Teg,1955.822606,60.0664,1999.19044,75.062051,NA,7.7,20,0.115,2025-07-16T18:55:00Z,2025-07-16T20:08:00Z,-31.694217,1.216666667,-1.535324313
20241222,15,NA,T15_Teg,1955.822606,60.0664,1999.19044,75.062051,NA,7.7,20,0.115,2025-07-16T18:55:00Z,2025-07-16T20:08:00Z,-31.694217,1.216666667,-1.535324313
20241222,15,Blank,T15_SBlank,1924.128389,60.1395,1999.19044,75.062051,NA,7.7,20,0.115,2025-07-16T18:55:00Z,2025-07-16T20:08:00Z,0,1.216666667,0
20241222,15,Blank,T15_SBlank,1924.128389,60.1395,1999.19044,75.062051,NA,7.7,20,0.115,2025-07-16T18:55:00Z,2025-07-16T20:08:00Z,0,1.216666667,0
20241222,17,Initial,T17_initial_S1,1989.938637,60.253,2003.474493,76.53033033,NA,7.9,20,0.115,2025-07-16T18:55:00Z,2025-07-16T20:08:00Z,-62.994474,1.216666667,-3.051564503
20241222,17,Initial,T17_initial_S1,1989.938637,60.253,2003.474493,76.53033033,NA,7.9,20,0.115,2025-07-16T18:55:00Z,2025-07-16T20:08:00Z,-62.994474,1.216666667,-3.051564503
20241222,17,Initial,T17_initial_S2,2013.249154,59.9275,2003.474493,76.53033033,NA,7.9,20,0.115,2025-07-16T18:55:00Z,2025-07-16T20:08:00Z,-86.304991,1.216666667,-4.180767458
20241222,17,Initial,T17_initial_S2,2013.249154,59.9275,2003.474493,76.53033033,NA,7.9,20,0.115,2025-07-16T18:55:00Z,2025-07-16T20:08:00Z,-86.304991,1.216666667,-4.180767458
20241222,17,Initial,T17_initial_S3,2007.235689,59.7228,2003.474493,76.53033033,NA,7.9,20,0.115,2025-07-16T18:55:00Z,2025-07-16T20:08:00Z,-80.291526,1.216666667,-3.889464504
20241222,17,Initial,T17_initial_S3,2007.235689,59.7228,2003.474493,76.53033033,NA,7.9,20,0.115,2025-07-16T18:55:00Z,2025-07-16T20:08:00Z,-80.291526,1.216666667,-3.889464504
20241222,17,NA,T17_Teg,2013.343856,59.9997,2003.474493,76.53033033,NA,7.9,20,0.115,2025-07-16T18:55:00Z,2025-07-16T20:08:00Z,-86.399693,1.216666667,-4.185354991
20241222,17,NA,T17_Teg,2013.343856,59.9997,2003.474493,76.53033033,NA,7.9,20,0.115,2025-07-16T18:55:00Z,2025-07-16T20:08:00Z,-86.399693,1.216666667,-4.185354991
20241222,17,Blank,T17_SBlank,1926.944163,59.7983,2003.474493,76.53033033,NA,7.9,20,0.115,2025-07-16T18:55:00Z,2025-07-16T20:08:00Z,0,1.216666667,0
20241222,17,Blank,T17_SBlank,1926.944163,59.7983,2003.474493,76.53033033,NA,7.9,20,0.115,2025-07-16T18:55:00Z,2025-07-16T20:08:00Z,0,1.216666667,0
