pH_treatment,Species,blank.rate,FileName,Intercept,umol.L.sec,Temp.C,block,experiment,tank,temp_treatment,predator,ID,BLANK,start.time,stop.time,volume,dry_weight,wet_weight,TA.start,TA.stop,dry_shell_weight,initial_wet_weight,umol.sec,umol.sec.corr,Respiration,NetPhoto,GrossPhoto
7.2,Rockweed,-1.53E-05,RW_T1_1_Dark_20240428_O2,229.3914441,-0.003639389,19.5597931,S1,a,1,20,p,1,0,6:58:00,7:29:00,648,0.7209,2.551,NA,NA,NA,NA,-0.002358324,-0.002343017,11.70045729,45.12187476,56.82233204
7.2,Rockweed,-1.53E-05,RW_T1_2_Dark_20240428_O2,231.8765891,-0.002953432,19.79970115,S1,a,1,20,c,2,0,6:58:00,7:29:00,648,0.4412,1.5503,NA,NA,NA,NA,-0.001913824,-0.001898516,15.49106793,27.72342287,43.2144908
7.2,Rockweed,-1.53E-05,RW_T1_3_Dark_20240428_O2,231.7858863,-0.006016247,19.85941379,S1,a,1,20,p,3,0,6:58:00,7:29:00,648,0.8427,2.546,NA,NA,NA,NA,-0.003898528,-0.003883221,16.58905186,44.13193001,60.72098187
7.2,Rockweed,-1.53E-05,RW_T1_4_Dark_20240428_O2,182.3598794,-0.003613746,19.62736782,S1,a,1,20,c,4,0,6:58:00,7:29:00,648,0.7373,2.6324,NA,NA,NA,NA,-0.002341707,-0.0023264,11.35906642,35.11186942,46.47093584
7.2,Rockweed,-1.53E-05,RW_T1_5_Dark_20240428_O2,190.5304906,-0.00367849,19.89170115,S1,a,1,20,p,5,0,6:58:00,7:29:00,646,0.8386,2.7575,NA,NA,NA,NA,-0.002376305,-0.002360997,10.13545116,27.53376128,37.66921244
7.2,Rockweed,-1.53E-05,RW_T1_6_Dark_20240428_O2,238.5839634,-0.004820846,19.74712644,S1,a,1,20,c,6,0,6:58:00,7:29:00,642.5,0.6767,2.6057,NA,NA,NA,NA,-0.003097394,-0.003082086,16.39649741,24.47004939,40.86654681
7.2,Rockweed,-1.53E-05,RW_T11_61_Dark_20240613_O2,228.4375158,-0.002547437,16.30083051,S106,b,11,16,p,61,0,10:39:00,11:01:00,649,0.6306,1.8695,NA,NA,NA,NA,-0.001653287,-0.001637979,9.350974955,51.86764757,61.21862253
7.2,Rockweed,-1.53E-05,RW_T11_62_Dark_20240613_O2,256.8183103,-0.004978658,16.33783051,S106,b,11,16,p,62,0,10:39:00,11:01:00,648,0.8158,2.8174,NA,NA,NA,NA,-0.00322617,-0.003210863,14.16904435,39.55225136,53.72129571
7.2,Rockweed,-1.53E-05,RW_T11_63_Dark_20240613_O2,206.1708578,-0.002943249,16.32338983,S106,b,11,16,p,63,0,10:39:00,11:01:00,648,0.5083,1.8745,NA,NA,NA,NA,-0.001907225,-0.001891918,13.39937885,74.12395901,87.52333785
7.2,Rockweed,-1.53E-05,RW_T11_64_Dark_20240613_O2,212.0949001,-0.003397226,16.43561017,S106,b,11,16,c,64,0,10:39:00,11:01:00,647.5,0.8568,3.1291,NA,NA,NA,NA,-0.002199704,-0.002184396,9.178135861,57.99724134,67.17537721
7.2,Rockweed,-1.53E-05,RW_T11_65_Dark_20240613_O2,263.7749213,-0.004959321,16.26613559,S106,b,11,16,c,65,0,10:39:00,11:01:00,648.5,0.5159,1.5848,NA,NA,NA,NA,-0.00321612,-0.003200812,22.33557629,42.61513165,64.95070794
7.2,Rockweed,-1.53E-05,RW_T11_66_Dark_20240613_O2,247.6616217,-0.003506984,16.20220339,S106,b,11,16,c,66,0,10:39:00,11:01:00,648,0.4967,1.8292,NA,NA,NA,NA,-0.002272526,-0.002257218,16.3599462,96.71787713,113.0778233
7.2,Rockweed,-1.53E-05,RW_T12_67_Dark_20240429_O2,197.8778835,-0.004563995,16.23442697,S12,a,12,16,c,67,0,0:46:00,1:17:00,646,0.8725,3.2255,NA,NA,NA,NA,-0.002948341,-0.002933033,12.10191378,36.5972857,48.69919948
7.2,Rockweed,-1.53E-05,RW_T12_68_Dark_20240429_O2,204.6344435,-0.003870561,16.33147191,S12,a,12,16,p,68,0,0:46:00,1:17:00,648,0.9923,3.2647,NA,NA,NA,NA,-0.002508124,-0.002492816,9.043774767,18.01800058,27.06177535
7.2,Rockweed,-1.53E-05,RW_T12_69_Dark_20240429_O2,218.8230472,-0.00434964,16.32966292,S12,a,12,16,c,69,0,0:46:00,1:17:00,646,0.8608,2.8302,NA,NA,NA,NA,-0.002809867,-0.00279456,11.68728599,41.67242808,53.35971407
7.2,Rockweed,-1.53E-05,RW_T12_70_Dark_20240429_O2,249.4390099,-0.007408776,16.36944944,S12,a,12,16,p,70,0,0:46:00,1:17:00,648,0.7597,2.6975,NA,NA,NA,NA,-0.004800887,-0.004785579,22.67748539,73.85925671,96.5367421
7.2,Rockweed,-1.53E-05,RW_T12_71_Dark_20240429_O2,237.7720486,-0.008777981,16.21601136,S12,a,12,16,c,71,0,0:46:00,1:17:00,648,1.0943,3.551,NA,NA,NA,NA,-0.005688132,-0.005672824,18.66231114,35.78791198,54.45022311
7.2,Rockweed,-1.53E-05,RW_T12_72_Dark_20240429_O2,258.5179489,-0.00380216,16.32233708,S12,a,12,16,p,72,0,0:46:00,1:17:00,648,0.4931,1.6463,NA,NA,NA,NA,-0.0024638,-0.002448492,17.87583015,74.14267932,92.01850947
7.2,Rockweed,-1.53E-05,RW_T3_13_Dark_20240612_O2,232.2300335,-0.005027846,20.23107018,S101,b,3,20,c,13,0,6:25:00,6:46:00,645,0.8538,2.8688,NA,NA,NA,NA,-0.003242961,-0.003227653,13.60921927,104.7845376,118.3937569
7.2,Rockweed,-1.53E-05,RW_T3_14_Dark_20240612_O2,234.1222544,-0.004660476,20.18047368,S101,b,3,20,p,14,0,6:25:00,6:46:00,647,0.7237,2.3923,NA,NA,NA,NA,-0.003015328,-0.00300002,14.9234126,55.82391804,70.74733064
7.2,Rockweed,-1.53E-05,RW_T3_15_Dark_20240612_O2,240.4110168,-0.003481836,20.08201754,S101,b,3,20,c,15,0,6:25:00,6:46:00,648.5,0.648,2.0038,NA,NA,NA,NA,-0.002257971,-0.002242663,12.4592397,56.42129228,68.88053198
7.2,Rockweed,-1.53E-05,RW_T3_16_Dark_20240612_O2,234.1373839,-0.002919866,20.17831579,S101,b,3,20,p,16,0,6:25:00,6:46:00,649,0.7167,2.5041,NA,NA,NA,NA,-0.001894993,-0.001879686,9.441702138,72.80383861,82.24554074
7.2,Rockweed,-1.53E-05,RW_T3_17_Dark_20240612_O2,228.7644038,-0.006005302,19.9272807,S101,b,3,20,c,17,0,6:25:00,6:46:00,647.5,0.9842,3.2762,NA,NA,NA,NA,-0.003888433,-0.003873126,14.16709202,103.1936493,117.3607413
7.2,Rockweed,-1.53E-05,RW_T3_18_Dark_20240612_O2,222.5957389,-0.004303802,19.93438596,S101,b,3,20,p,18,0,6:25:00,6:46:00,647,1.0099,2.84,NA,NA,NA,NA,-0.00278456,-0.002769252,9.871579977,66.91041153,76.78199151
7.2,Tegula,-2.96E-05,TEG_T1_56_20240430_O2,220.9643697,-0.003991992,19.90749432,S48,a,1,20,NA,56,0,12:58:00,13:59:00,115,0.0661,2.1513,12:30:00,14:01:00,1.7045,2.1184,-4.59E-04,-4.29E-04,23.3886216,0,23.3886216
7.2,Tegula,-2.96E-05,TEG_T1_64_20240430_O2,181.2221025,-0.003754926,20.032375,S48,a,1,20,NA,64,0,12:58:00,13:59:00,115,0.0429,2.6523,12:32:00,14:05:00,2.1261,2.6371,-4.32E-04,-4.02E-04,33.74924392,0,33.74924392
7.2,Tegula,-2.96E-05,TEG_T1_69_20240430_O2,236.9559575,-0.00292632,20.04764773,S48,a,1,20,NA,69,0,12:58:00,13:59:00,115,0.0296,1.6639,12:33:00,14:06:00,1.2962,1.6524,-3.37E-04,-3.07E-04,37.32431351,0,37.32431351
7.2,Tegula,-2.96E-05,TEG_T11_09_20240615_O2,226.6037787,-0.001530801,15.94147727,S141,b,11,16,NA,9,0,11:10:00,12:12:00,115,0.0292,1.5073,10:55:00,12:15:00,1.244,1.548,-1.76E-04,-1.46E-04,18.0498224,0,18.0498224
7.2,Tegula,-2.96E-05,TEG_T11_22_20240615_O2,262.1676313,-0.003001258,15.886,S141,b,11,16,NA,22,0,11:10:00,12:12:00,115,0.039,1.7721,10:55:00,12:15:00,1.4654,1.8366,-3.45E-04,-3.16E-04,29.12369262,0,29.12369262
7.2,Tegula,-2.96E-05,TEG_T11_24_20240615_O2,260.2610663,-0.003470283,15.85173295,S141,b,11,16,NA,24,0,11:10:00,12:12:00,115,0.0464,1.9589,10:55:00,12:15:00,1.608,2.0103,-3.99E-04,-3.69E-04,28.66380091,0,28.66380091
7.2,Tegula,-2.96E-05,TEG_T12_01_20240430_O2,201.4719397,-0.004204405,16.29137097,S45,a,12,16,NA,1,0,0:44:00,1:48:00,114.5,0.1214,2.6701,0:23:00,1:56:00,2.0615,2.6567,-4.81E-04,-4.52E-04,13.39669638,0,13.39669638
7.2,Tegula,-2.96E-05,TEG_T12_60_20240430_O2,247.7741219,-0.002009603,16.38098387,S45,a,12,16,NA,60,0,0:44:00,1:48:00,114.5,0.0319,2.146,0:25:00,1:55:00,1.7513,2.1022,-2.30E-04,-2.00E-04,22.62261933,0,22.62261933
7.2,Tegula,-2.96E-05,TEG_T12_75_20240430_O2,250.5732306,-0.003969798,16.28596774,S45,a,12,16,NA,75,0,0:44:00,1:48:00,115,0.0294,1.6288,0:26:00,1:51:00,1.2918,1.5974,-4.57E-04,-4.27E-04,52.27209429,0,52.27209429
7.2,Tegula,-2.96E-05,TEG_T3_49_20240614_O2,235.0961439,-0.006491505,19.22423596,S147,b,3,20,NA,49,0,9:12:00,10:13:00,115,0.0537,1.6642,9:00:00,10:15:00,1.3362,1.6703,-7.47E-04,-7.17E-04,48.05933464,0,48.05933464
7.2,Tegula,-2.96E-05,TEG_T3_52_20240614_O2,224.8354444,-0.002213281,19.1352191,S147,b,3,20,NA,52,0,9:12:00,10:13:00,115.25,0.0316,1.5622,9:00:00,10:15:00,1.257,1.5906,-2.55E-04,-2.25E-04,25.68333819,0,25.68333819
7.2,Tegula,-2.96E-05,TEG_T3_59_20240614_O2,233.6833474,-0.003021759,19.12444944,S147,b,3,20,NA,59,0,9:12:00,10:13:00,115,0.0296,1.9869,9:00:00,10:15:00,1.6144,2.0104,-3.48E-04,-3.18E-04,38.6591698,0,38.6591698
7.3,Rockweed,-1.53E-05,RW_T15_85_Dark_20240612_O2,241.8489288,-0.005857649,19.9082459,S119,b,15,20,p,85,0,21:13:00,21:34:00,649,0.9624,3.5815,NA,NA,NA,NA,-0.003801614,-0.003786307,14.16324202,98.62833001,112.791572
7.3,Rockweed,-1.53E-05,RW_T15_86_Dark_20240612_O2,241.1191962,-0.004268131,19.92609677,S119,b,15,20,c,86,0,21:13:00,21:34:00,646,0.6085,2.1645,NA,NA,NA,NA,-0.002757213,-0.002741905,16.22162441,38.61665037,54.83827478
7.3,Rockweed,-1.53E-05,RW_T15_87_Dark_20240612_O2,233.1410957,-0.006950285,19.74517742,S119,b,15,20,c,87,0,21:13:00,21:34:00,647,0.806,3.0734,NA,NA,NA,NA,-0.004496834,-0.004481527,20.01674544,126.6582091,146.6749546
7.3,Rockweed,-1.53E-05,RW_T15_88_Dark_20240612_O2,226.3145619,-0.003783016,19.83983607,S119,b,15,20,c,88,0,21:13:00,21:34:00,648,0.471,2.2086,NA,NA,NA,NA,-0.002451394,-0.002436087,18.61977224,103.1100308,121.7298031
7.3,Rockweed,-1.53E-05,RW_T15_89_Dark_20240612_O2,233.7802839,-0.004839914,19.9896129,S119,b,15,20,p,89,0,21:13:00,21:34:00,649,0.8058,2.4133,NA,NA,NA,NA,-0.003141104,-0.003125797,13.96484,41.12992496,55.09476496
7.3,Rockweed,-1.53E-05,RW_T15_90_Dark_20240612_O2,187.4718434,-0.003080215,19.95222951,S119,b,15,20,p,90,0,21:13:00,21:34:00,647,0.4666,1.6885,NA,NA,NA,NA,-0.001992899,-0.001977592,15.25788637,58.66115756,73.91904393
7.3,Rockweed,-1.53E-05,RW_T4_19_Dark_20240428_O2,185.0398364,-0.003461272,20.01475269,S4,a,4,20,c,19,0,12:03:00,12:35:00,646,0.7912,2.9608,NA,NA,NA,NA,-0.002235982,-0.002220674,10.10417993,21.89682854,32.00100847
7.3,Rockweed,-1.53E-05,RW_T4_20_Dark_20240428_O2,231.368348,-0.005559584,19.86687097,S4,a,4,20,p,20,0,12:03:00,12:35:00,648,0.8143,2.4314,NA,NA,NA,NA,-0.00360261,-0.003587303,15.85937683,32.79161837,48.6509952
7.3,Rockweed,-1.53E-05,RW_T4_21_Dark_20240428_O2,225.8222228,-0.002622544,19.91025806,S4,a,4,20,c,21,0,12:03:00,12:35:00,648,0.9139,3.1288,NA,NA,NA,NA,-0.001699409,-0.001684101,6.633946431,28.54633164,35.18027807
7.3,Rockweed,-1.53E-05,RW_T4_22_Dark_20240428_O2,232.7212513,-0.007176672,20.02969892,S4,a,4,20,p,22,0,12:03:00,12:35:00,648,1.1292,3.1527,NA,NA,NA,NA,-0.004650483,-0.004635176,14.77739412,59.74188557,74.51927969
7.3,Rockweed,-1.53E-05,RW_T4_23_Dark_20240428_O2,242.1757684,-0.005365668,19.96230526,S4,a,4,20,c,23,0,12:03:00,12:35:00,646,0.9859,3.0703,NA,NA,NA,NA,-0.003466222,-0.003450914,12.60096409,33.03006777,45.63103187
7.3,Rockweed,-1.53E-05,RW_T4_24_Dark_20240428_O2,192.1080318,-0.002282679,20.02004348,S4,a,4,20,p,24,0,12:03:00,12:35:00,648,0.6087,2.1704,NA,NA,NA,NA,-0.001479176,-0.001463868,8.657674669,39.63589191,48.29356658
7.3,Rockweed,-1.53E-05,RW_T5_25_Dark_20240613_O2,252.5180135,-0.006376513,16.17410526,S118,b,5,16,p,25,0,7:57:00,8:18:00,647,1.1783,4.0731,NA,NA,NA,NA,-0.004125604,-0.004110296,12.55797936,95.46540245,108.0233818
7.3,Rockweed,-1.53E-05,RW_T5_26_Dark_20240613_O2,253.4638841,-0.004740368,16.35317544,S118,b,5,16,c,26,0,7:57:00,8:18:00,648,0.984,2.7718,NA,NA,NA,NA,-0.003071758,-0.003056451,11.18213767,50.98661486,62.16875254
7.3,Rockweed,-1.53E-05,RW_T5_27_Dark_20240613_O2,259.3641636,-0.002715835,16.25596491,S118,b,5,16,p,27,0,7:57:00,8:18:00,648,0.621,1.8366,NA,NA,NA,NA,-0.001759861,-0.001744554,10.11335409,53.50285322,63.6162073
7.3,Rockweed,-1.53E-05,RW_T5_28_Dark_20240613_O2,260.7244793,-0.005132729,16.28277193,S118,b,5,16,p,28,0,7:57:00,8:18:00,647.5,1.0386,3.3274,NA,NA,NA,NA,-0.003323442,-0.003308135,11.46667081,90.1410783,101.6077491
7.3,Rockweed,-1.53E-05,RW_T5_29_Dark_20240613_O2,209.1356235,-0.003128087,16.364,S118,b,5,16,c,29,0,7:57:00,8:18:00,648,0.7575,2.2729,NA,NA,NA,NA,-0.002027,-0.002011693,9.560520599,33.78799091,43.34851151
7.3,Rockweed,-1.53E-05,RW_T5_30_Dark_20240613_O2,243.2268562,-0.005462988,16.20785965,S118,b,5,16,c,30,0,7:57:00,8:18:00,647.5,0.7629,2.6583,NA,NA,NA,NA,-0.003537285,-0.003521977,16.61963302,68.31792185,84.93755487
7.3,Rockweed,-1.53E-05,RW_T6_31_Dark_20240429_O2,246.1112559,-0.008247711,16.50845977,S6,a,6,16,p,31,0,16:43:00,17:15:00,648,1.0164,2.7825,NA,NA,NA,NA,-0.005344517,-0.005329209,18.87559349,33.90347404,52.77906752
7.3,Rockweed,-1.53E-05,RW_T6_32_Dark_20240429_O2,218.745544,-0.004185609,16.70415116,S6,a,6,16,c,32,0,16:43:00,17:15:00,648,1.1611,2.9823,NA,NA,NA,NA,-0.002712275,-0.002696967,8.361968543,20.25342281,28.61539136
7.3,Rockweed,-1.53E-05,RW_T6_33_Dark_20240429_O2,255.5380894,-0.004579108,16.70389655,S6,a,6,16,p,33,0,16:43:00,17:15:00,648,0.7027,2.4774,NA,NA,NA,NA,-0.002967262,-0.002951954,15.12314806,47.96102909,63.08417715
7.3,Rockweed,-1.53E-05,RW_T6_34_Dark_20240429_O2,258.4333796,-0.005063027,16.70017442,S6,a,6,16,c,34,0,16:43:00,17:15:00,648,0.9042,2.4587,NA,NA,NA,NA,-0.003280841,-0.003265534,13.00146249,54.14184397,67.14330646
7.3,Rockweed,-1.53E-05,RW_T6_35_Dark_20240429_O2,204.276229,-0.004051233,16.72426437,S6,a,6,16,p,35,0,16:43:00,17:15:00,646,0.8307,2.8219,NA,NA,NA,NA,-0.002617097,-0.002601789,11.27535869,19.2818103,30.55716899
7.3,Rockweed,-1.53E-05,RW_T6_36_Dark_20240429_O2,250.3177842,-0.004239877,16.73763218,S6,a,6,16,c,36,0,16:43:00,17:15:00,648,0.7712,2.5357,NA,NA,NA,NA,-0.00274744,-0.002732133,12.75373193,85.30612105,98.05985298
7.3,Tegula,-2.96E-05,TEG_T15_13_20240614_O2,237.6595736,-0.004565809,20.05689205,S155,b,15,20,NA,13,0,14:55:00,15:57:00,115,0.0392,1.8433,14:46:00,16:00:00,1.4505,1.8144,-5.25E-04,-4.95E-04,45.49867668,0,45.49867668
7.3,Tegula,-2.96E-05,TEG_T15_35_20240614_O2,225.8650937,-0.004824826,19.95514773,S155,b,15,20,NA,35,0,14:55:00,15:57:00,115,0.0311,1.7411,14:46:00,16:00:00,1.4084,1.739,-5.55E-04,-5.25E-04,60.79682199,0,60.79682199
7.3,Tegula,-2.96E-05,TEG_T15_66_20240614_O2,233.5049673,-0.005381432,20.13867045,S155,b,15,20,NA,66,0,14:55:00,15:57:00,115.25,0.0369,1.5213,14:46:00,16:00:00,1.236,1.4933,-6.20E-04,-5.91E-04,57.6167842,0,57.6167842
7.3,Tegula,-2.96E-05,TEG_T4_19_20240430_O2,226.713881,-0.00563126,19.86389831,S50,a,4,20,NA,19,0,14:37:00,15:38:00,115,0.0385,2.3462,14:15:00,15:40:00,1.9008,2.2341,-6.48E-04,-6.18E-04,57.78298286,0,57.78298286
7.3,Tegula,-2.96E-05,TEG_T4_20_20240430_O2,198.7034648,-0.005113614,20.05175141,S50,a,4,20,NA,20,0,14:37:00,15:38:00,114.5,0.0516,2.6092,14:16:00,15:41:00,2.07,2.4716,-5.86E-04,-5.56E-04,38.78168393,0,38.78168393
7.3,Tegula,-2.96E-05,TEG_T4_62_20240430_O2,234.7070754,-0.00559313,20.03426966,S50,a,4,20,NA,62,0,14:37:00,15:38:00,115,0.0419,2.3512,14:17:00,15:42:00,1.8771,2.2856,-6.43E-04,-6.14E-04,52.71739905,0,52.71739905
7.3,Tegula,-2.96E-05,TEG_T5_19_20240615_O2,245.1112414,-0.002740729,15.98873446,S139,b,5,16,NA,19,0,9:38:00,10:59:00,115,0.0362,1.7874,9:14:00,11:00:00,1.3936,1.7985,-3.15E-04,-2.86E-04,28.39682337,0,28.39682337
7.3,Tegula,-2.96E-05,TEG_T5_21_20240615_O2,252.9532282,-0.001571743,15.82882386,S139,b,5,16,NA,21,0,9:38:00,10:59:00,115,0.0202,1.4185,9:14:00,11:00:00,1.1476,1.4352,-1.81E-04,-1.51E-04,26.93093079,0,26.93093079
7.3,Tegula,-2.96E-05,TEG_T5_37_20240615_O2,207.2393466,-0.00123402,15.94987006,S139,b,5,16,NA,37,0,9:38:00,10:59:00,115,0.0244,1.5959,9:14:00,11:00:00,1.2873,1.6069,-1.42E-04,-1.12E-04,16.56506066,0,16.56506066
7.3,Tegula,-2.96E-05,TEG_T6_07_20240501_O2,240.0341229,-0.003985886,16.16909091,S41,a,6,16,NA,7,0,2:15:00,3:17:00,115,0.0309,1.9467,2:05:00,3:25:00,1.4994,1.8421,-4.58E-04,-4.29E-04,49.95016194,0,49.95016194
7.3,Tegula,-2.96E-05,TEG_T6_30_20240430_O2,246.1997229,-0.003594038,15.96564246,S41,a,6,16,NA,30,0,21:15:00,22:18:00,115,0.044,2.2574,8:48:00,10:23:00,1.7508,2.1803,-4.13E-04,-3.84E-04,31.391703,0,31.391703
7.3,Tegula,-2.96E-05,TEG_T6_73_20240430_O2,216.7745627,-0.003118365,16.09368156,S41,a,6,16,NA,73,0,21:15:00,22:18:00,115,0.0382,2.1169,8:48:00,10:22:00,1.6204,2.0635,-3.59E-04,-3.29E-04,31.00278298,0,31.00278298
7.4,Rockweed,-1.53E-05,RW_T1_01_Dark_20240613_O2,261.8110051,-0.001745064,17.2592459,S108,b,1,16,p,1,0,6:36:00,6:57:00,648,0.2402,2.5786,NA,NA,NA,NA,-0.001130801,-0.001115494,16.71847752,47.13099659,63.8494741
7.4,Rockweed,-1.53E-05,RW_T1_02_Dark_20240613_O2,206.9137334,-0.002185684,17.25221311,S108,b,1,16,c,2,0,6:36:00,6:57:00,649,0.4991,1.4218,NA,NA,NA,NA,-0.001418509,-0.001403201,10.12126848,23.66767717,33.78894565
7.4,Rockweed,-1.53E-05,RW_T1_03_Dark_20240613_O2,199.2719001,-0.004177216,17.2147377,S108,b,1,16,p,3,0,6:36:00,6:57:00,648,0.8454,2.874,NA,NA,NA,NA,-0.002706836,-0.002691528,11.46144131,69.65863507,81.12007638
7.4,Rockweed,-1.53E-05,RW_T1_04_Dark_20240613_O2,255.9305499,-0.003491408,17.11590164,S108,b,1,16,p,4,0,6:36:00,6:57:00,647,0.7502,2.2138,NA,NA,NA,NA,-0.002258941,-0.002243633,10.7665696,89.91989985,100.6864695
7.4,Rockweed,-1.53E-05,RW_T1_05_Dark_20240613_O2,256.5171414,-0.004738047,17.14778689,S108,b,1,16,c,5,0,6:36:00,6:57:00,646,0.7285,2.6794,NA,NA,NA,NA,-0.003060778,-0.003045471,15.04968442,36.72679721,51.77648163
7.4,Rockweed,-1.53E-05,RW_T1_06_Dark_20240613_O2,222.3544167,-0.002792345,17.08659016,S108,b,1,16,c,6,0,6:36:00,6:57:00,647.5,0.6088,1.9033,NA,NA,NA,NA,-0.001808043,-0.001792736,10.60093495,55.13441754,65.73535248
7.4,Rockweed,-1.53E-05,RW_T10_55_Dark_20240612_O2,225.6439201,-0.005394619,19.71150909,S111,b,10,20,p,55,0,16:00:00,16:21:00,646,0.628,2.1878,NA,NA,NA,NA,-0.003484924,-0.003469616,19.88952062,41.40745176,61.29697237
7.4,Rockweed,-1.53E-05,RW_T10_56_Dark_20240612_O2,192.9370203,-0.002511107,19.88421429,S111,b,10,20,c,56,0,16:00:00,16:21:00,648,0.4487,1.4355,NA,NA,NA,NA,-0.001627197,-0.00161189,12.93247918,28.8761735,41.80865268
7.4,Rockweed,-1.53E-05,RW_T10_57_Dark_20240612_O2,238.3713809,-0.003801153,19.96148214,S111,b,10,20,p,57,0,16:00:00,16:21:00,646,0.5552,1.9643,NA,NA,NA,NA,-0.002455545,-0.002440237,15.82286458,42.13973302,57.9625976
7.4,Rockweed,-1.53E-05,RW_T10_58_Dark_20240612_O2,241.4303496,-0.004064504,19.98125455,S111,b,10,20,c,58,0,16:00:00,16:21:00,648.5,0.9211,2.8569,NA,NA,NA,NA,-0.002635831,-0.002620523,10.24197594,78.46851274,88.71048868
7.4,Rockweed,-1.53E-05,RW_T10_59_Dark_20240612_O2,237.1530868,-0.006009861,19.880625,S111,b,10,20,c,59,0,16:00:00,16:21:00,647,0.8806,2.6931,NA,NA,NA,NA,-0.00388838,-0.003873073,15.83359214,65.98284826,81.8164404
7.4,Rockweed,-1.53E-05,RW_T10_60_Dark_20240612_O2,186.1425263,-0.004168843,19.9416,S111,b,10,20,p,60,0,16:00:00,16:21:00,648.75,0.683,2.5288,NA,NA,NA,NA,-0.002704537,-0.002689229,14.17456197,34.57068779,48.74524976
7.4,Rockweed,-1.53E-05,RW_T2_10_Dark_20240428_O2,222.3992599,-0.003945675,19.88933333,S2,a,2,20,c,10,0,9:38:00,10:10:00,648,0.5598,1.9323,NA,NA,NA,NA,-0.002556797,-0.00254149,16.3439865,43.52172062,59.86570711
7.4,Rockweed,-1.53E-05,RW_T2_11_Dark_20240428_O2,186.8452842,-0.003817482,20.05032955,S2,a,2,20,p,11,0,9:38:00,10:10:00,648,0.8884,2.9722,NA,NA,NA,NA,-0.002473728,-0.002458421,9.962083532,21.31593817,31.2780217
7.4,Rockweed,-1.53E-05,RW_T2_12_Dark_20240428_O2,242.3393286,-0.004221901,20.06390909,S2,a,2,20,c,12,0,9:38:00,10:10:00,648,0.8338,2.6747,NA,NA,NA,NA,-0.002735792,-0.002720484,11.74591467,49.35898354,61.10489821
7.4,Rockweed,-1.53E-05,RW_T2_7_Dark_20240428_O2,232.0786027,-0.003815626,20.10061364,S2,a,2,20,p,7,0,9:38:00,10:10:00,644,1.0601,2.8139,NA,NA,NA,NA,-0.002457263,-0.002441956,8.292651937,40.22600438,48.51865631
7.4,Rockweed,-1.53E-05,RW_T2_8_Dark_20240428_O2,201.3054851,-0.004357944,20.09293182,S2,a,2,20,c,8,0,9:38:00,10:10:00,646,0.7874,2.7064,NA,NA,NA,NA,-0.002815232,-0.002799924,12.80127961,29.27243359,42.0737132
7.4,Rockweed,-1.53E-05,RW_T2_9_Dark_20240428_O2,237.8814422,-0.005413124,20.0025,S2,a,2,20,p,9,0,9:38:00,10:10:00,646,1.185,3.3606,NA,NA,NA,NA,-0.003496878,-0.003481571,10.57692335,69.11436698,79.69129033
7.4,Rockweed,-1.53E-05,RW_T8_43_Dark_20240429_O2,242.9859352,-0.005403947,16.82620225,S8,a,8,16,p,43,0,10:03:00,10:35:00,648,0.9313,2.4044,NA,NA,NA,NA,-0.003501758,-0.00348645,13.47709713,28.4238534,41.90095053
7.4,Rockweed,-1.53E-05,RW_T8_44_Dark_20240429_O2,246.7779694,-0.003785493,16.78479775,S8,a,8,16,c,44,0,10:03:00,10:35:00,648,0.7859,2.4338,NA,NA,NA,NA,-0.002452999,-0.002437692,11.16642203,31.57529749,42.74171951
7.4,Rockweed,-1.53E-05,RW_T8_45_Dark_20240429_O2,232.1751418,-0.00393654,16.65894382,S8,a,8,16,p,45,0,10:03:00,10:35:00,646,0.9456,2.8227,NA,NA,NA,NA,-0.002543005,-0.002527697,9.623213223,43.14346043,52.76667365
7.4,Rockweed,-1.53E-05,RW_T8_46_Dark_20240429_O2,246.1976193,-0.004359884,16.78257303,S8,a,8,16,c,46,0,10:03:00,10:35:00,648,1.1597,2.9006,NA,NA,NA,NA,-0.002825205,-0.002809897,8.722626882,62.01771769,70.74034457
7.4,Rockweed,-1.53E-05,RW_T8_47_Dark_20240429_O2,204.9286869,-0.004519414,16.76594318,S8,a,8,16,p,47,0,10:03:00,10:35:00,648,1.2397,2.8739,NA,NA,NA,NA,-0.00292858,-0.002913273,8.459935451,40.41487405,48.8748095
7.4,Rockweed,-1.53E-05,RW_T8_48_Dark_20240429_O2,194.3979985,-0.00185977,16.76061798,S8,a,8,16,c,48,0,10:03:00,10:35:00,648,1.0831,2.4331,NA,NA,NA,NA,-0.001205131,-0.001189823,3.95472667,39.80848718,43.76321385
7.4,Tegula,-2.99E-05,TEG_T1_26_20240615_O2,256.7185699,-0.0026553,15.92835028,S138,b,1,16,NA,26,0,9:38:00,10:59:00,115,0.0348,1.6391,9:12:00,11:00:00,1.3423,1.6441,-3.05E-04,-2.75E-04,28.49187931,0,28.49187931
7.4,Tegula,-2.99E-05,TEG_T1_41_20240615_O2,254.2993914,-0.00285206,15.911125,S138,b,1,16,NA,41,0,9:38:00,10:59:00,115,0.0439,2.0196,9:12:00,11:00:00,1.6415,2.0271,-3.28E-04,-2.98E-04,24.44136765,0,24.44136765
7.4,Tegula,-2.99E-05,TEG_T1_42_20240615_O2,257.2236351,-0.0029,15.92960795,S138,b,1,16,NA,42,0,9:38:00,10:59:00,114.5,0.0349,1.597,9:12:00,11:00:00,1.2793,1.5982,-3.32E-04,-3.02E-04,31.16341547,0,31.16341547
7.4,Tegula,-2.99E-05,TEG_T10_01_20240614_O2,238.3534366,-0.006604915,20.10027273,S152,b,10,20,NA,1,0,14:55:00,15:57:00,115,0.0438,1.7065,14:44:00,16:00:00,1.3404,1.6656,-7.60E-04,-7.30E-04,59.96936096,0,59.96936096
7.4,Tegula,-2.99E-05,TEG_T10_48_20240614_O2,237.4778298,-0.003888755,20.06397727,S152,b,10,20,NA,48,0,14:55:00,15:57:00,115,0.036,1.5795,14:44:00,16:00:00,1.1986,1.5471,-4.47E-04,-4.17E-04,41.7268825,0,41.7268825
7.4,Tegula,-2.99E-05,TEG_T10_65_20240614_O2,189.9833528,-0.003528455,20.09907955,S152,b,10,20,NA,65,0,14:55:00,15:57:00,115,0.049,2.0211,14:44:00,16:00:00,1.599,1.9932,-4.06E-04,-3.76E-04,27.61231776,0,27.61231776
7.4,Tegula,-2.99E-05,TEG_T2_26_20240430_O2,233.5116211,-0.005594589,20.020375,S49,a,2,20,NA,26,0,12:58:00,13:59:00,115,0.0438,2.0852,12:38:00,14:03:00,1.678,2.0996,-6.43E-04,-6.13E-04,50.41970425,0,50.41970425
7.4,Tegula,-2.99E-05,TEG_T2_27_20240430_O2,203.2291523,-0.005100762,20.09009091,S49,a,2,20,NA,27,0,12:58:00,13:59:00,115,0.0415,2.3067,12:40:00,14:10:00,1.7579,2.2293,-5.87E-04,-5.57E-04,48.28767875,0,48.28767875
7.4,Tegula,-2.99E-05,TEG_T2_67_20240430_O2,186.4048054,-0.004548996,20.05104545,S49,a,2,20,NA,67,0,12:58:00,13:59:00,115,0.0856,2.2638,12:39:00,14:02:00,1.7865,2.2847,-5.23E-04,-4.93E-04,20.74191056,0,20.74191056
7.4,Tegula,-2.99E-05,TEG_T8_13_20240430_O2,243.2974635,-0.003968529,16.23988701,S38,a,8,16,NA,13,0,19:50:00,20:25:00,120.5,0.0484,2.8554,6:29:00,8:33:00,2.3005,2.8059,-4.78E-04,-4.48E-04,33.34237769,0,33.34237769
7.4,Tegula,-2.99E-05,TEG_T8_25_20240430_O2,239.3321764,-0.00227322,16.07978531,S38,a,8,16,NA,25,0,19:50:00,20:25:00,121.5,0.0259,1.681,6:27:00,8:35:00,1.3324,1.6302,-2.76E-04,-2.46E-04,34.22894317,0,34.22894317
7.4,Tegula,-2.99E-05,TEG_T8_43_20240430_O2,244.7289256,-0.003967715,16.23747458,S38,a,8,16,NA,43,0,19:50:00,20:25:00,121,0.0455,2.3822,6:28:00,8:29:00,1.8894,2.3296,-4.80E-04,-4.50E-04,35.61670009,0,35.61670009
7.5,Rockweed,-1.53E-05,RW_T10_55_Dark_20240429_O2,199.3248102,-0.004163038,16.20713793,S10,a,10,16,p,55,0,22:53:00,23:24:00,646,1.1746,3.3636,NA,NA,NA,NA,-0.002689323,-0.002674015,8.195516919,43.38174719,51.57726411
7.5,Rockweed,-1.53E-05,RW_T10_56_Dark_20240429_O2,205.5325782,-0.005160984,16.29157471,S10,a,10,16,c,56,0,22:53:00,23:24:00,646,1.0933,3.2903,NA,NA,NA,NA,-0.003333996,-0.003318688,10.92772102,16.3252245,27.25294552
7.5,Rockweed,-1.53E-05,RW_T10_57_Dark_20240429_O2,243.2903575,-0.003647844,16.14694253,S10,a,10,16,p,57,0,22:53:00,23:24:00,648,0.7648,2.3609,NA,NA,NA,NA,-0.002363803,-0.002348495,11.05463322,37.83363799,48.88827121
7.5,Rockweed,-1.53E-05,RW_T10_58_Dark_20240429_O2,251.593353,-0.004508519,16.31497701,S10,a,10,16,c,58,0,22:53:00,23:24:00,648,0.7386,2.6948,NA,NA,NA,NA,-0.00292152,-0.002906213,14.1651315,52.14294295,66.30807445
7.5,Rockweed,-1.53E-05,RW_T10_59_Dark_20240429_O2,258.4035888,-0.007074965,16.29596552,S10,a,10,16,p,59,0,22:53:00,23:24:00,648,0.8363,2.4682,NA,NA,NA,NA,-0.004584577,-0.00456927,19.66922319,32.13816435,51.80738754
7.5,Rockweed,-1.53E-05,RW_T10_60_Dark_20240429_O2,258.0372225,-0.004431341,16.31671264,S10,a,10,16,c,60,0,22:53:00,23:24:00,648,0.6917,2.1461,NA,NA,NA,NA,-0.002871509,-0.002856201,14.86529606,39.02654231,53.89183837
7.5,Rockweed,-1.53E-05,RW_T2_07_Dark_20240613_O2,262.5184116,-0.00688396,16.14068421,S115,b,2,16,c,7,0,20:22:00,20:43:00,646.5,0.7831,2.6945,NA,NA,NA,NA,-0.00445048,-0.004435173,20.38899439,37.64635775,58.03535213
7.5,Rockweed,-1.53E-05,RW_T2_08_Dark_20240613_O2,226.1642895,-0.005964698,16.16667857,S115,b,2,16,c,8,0,20:22:00,20:43:00,647,0.7255,2.5081,NA,NA,NA,NA,-0.00385916,-0.003843852,19.07355973,26.01198934,45.08554907
7.5,Rockweed,-1.53E-05,RW_T2_09_Dark_20240613_O2,262.362086,-0.004314652,16.059375,S115,b,2,16,p,9,0,20:22:00,20:43:00,648,0.5142,1.7464,NA,NA,NA,NA,-0.002795894,-0.002780587,19.46735353,76.85783286,96.32518639
7.5,Rockweed,-1.53E-05,RW_T2_10_Dark_20240613_O2,256.2847985,-0.005223758,15.99705357,S115,b,2,16,p,10,0,20:22:00,20:43:00,647,0.7169,2.6325,NA,NA,NA,NA,-0.003379771,-0.003364464,16.89506226,107.082737,123.9777992
7.5,Rockweed,-1.53E-05,RW_T2_11_Dark_20240613_O2,264.9893512,-0.003114934,16.13842857,S115,b,2,16,c,11,0,20:22:00,20:43:00,648.5,0.3212,1.1176,NA,NA,NA,NA,-0.002020035,-0.002004727,22.46892253,40.61984111,63.08876364
7.5,Rockweed,-1.53E-05,RW_T2_12_Dark_20240613_O2,212.0536446,-0.004740043,16.16705263,S115,b,2,16,p,12,0,20:22:00,20:43:00,647.5,0.9057,2.9592,NA,NA,NA,NA,-0.003069178,-0.00305387,12.13860355,55.37509889,67.51370244
7.5,Rockweed,-1.53E-05,RW_T5_25_Dark_20240428_O2,242.1195667,-0.005286646,19.9874382,S5,a,5,20,p,25,0,14:11:00,14:43:00,648,1.0397,2.415,NA,NA,NA,NA,-0.003425747,-0.003410439,11.80877252,28.84372169,40.65249421
7.5,Rockweed,-1.53E-05,RW_T5_26_Dark_20240428_O2,228.9628147,-0.001841788,22.11194382,S5,a,5,20,p,26,0,14:11:00,14:43:00,648,1.0491,2.583,NA,NA,NA,NA,-0.001193479,-0.001178171,4.042909204,35.76555676,39.80846596
7.5,Rockweed,-1.53E-05,RW_T5_27_Dark_20240428_O2,205.596784,-0.003818241,19.98725843,S5,a,5,20,c,27,0,14:11:00,14:43:00,648,0.8113,2.4502,NA,NA,NA,NA,-0.00247422,-0.002458913,10.91098928,41.07290394,51.98389322
7.5,Rockweed,-1.53E-05,RW_T5_28_Dark_20240428_O2,242.8641328,-0.004814876,19.96650562,S5,a,5,20,c,28,0,14:11:00,14:43:00,648,0.7646,2.621,NA,NA,NA,NA,-0.00312004,-0.003104732,14.6181477,65.79337372,80.41152142
7.5,Rockweed,-1.53E-05,RW_T5_29_Dark_20240428_O2,242.2452322,-0.00648646,19.88210112,S5,a,5,20,p,29,0,14:11:00,14:43:00,648,1.0036,3.0909,NA,NA,NA,NA,-0.004203226,-0.004187919,15.02242615,43.73122919,58.75365534
7.5,Rockweed,-1.53E-05,RW_T5_30_Dark_20240428_O2,191.7516574,-0.003569031,19.95065169,S5,a,5,20,c,30,0,14:11:00,14:43:00,646,1.0853,2.7903,NA,NA,NA,NA,-0.002305594,-0.002290287,7.597006812,25.07783818,32.674845
7.5,Rockweed,-1.53E-05,RW_T9_49_Dark_20240612_O2,240.9417357,-0.008771022,20.17144643,S109,b,9,20,c,49,0,14:33:00,14:55:00,647.5,0.716,2.1603,NA,NA,NA,NA,-0.005679237,-0.005663929,28.47785654,55.46453325,83.94238978
7.5,Rockweed,-1.53E-05,RW_T9_50_Dark_20240612_O2,240.4639026,-0.010729757,20.04889286,S109,b,9,20,c,50,0,14:33:00,14:55:00,647.5,0.7838,2.0053,NA,NA,NA,NA,-0.006947518,-0.00693221,31.83969963,18.46570714,50.30540676
7.5,Rockweed,-1.53E-05,RW_T9_51_Dark_20240612_O2,208.8823267,-0.005889029,20.226375,S109,b,9,20,p,51,0,14:33:00,14:55:00,645,0.7918,2.5507,NA,NA,NA,NA,-0.003798424,-0.003783116,17.20032627,53.50719837,70.70752464
7.5,Rockweed,-1.53E-05,RW_T9_52_Dark_20240612_O2,246.8148916,-0.006338783,20.07317857,S109,b,9,20,c,52,0,14:33:00,14:55:00,649,0.6882,2.481,NA,NA,NA,NA,-0.00411387,-0.004098563,21.43973496,62.25857663,83.69831159
7.5,Rockweed,-1.53E-05,RW_T9_53_Dark_20240612_O2,195.1256923,-0.003515506,20.17421429,S109,b,9,20,p,53,0,14:33:00,14:55:00,649,0.4019,1.0819,NA,NA,NA,NA,-0.002281563,-0.002266256,20.29987862,30.26332285,50.56320147
7.5,Rockweed,-1.53E-05,RW_T9_54_Dark_20240612_O2,235.5040715,-0.007480566,19.99816071,S109,b,9,20,p,54,0,14:33:00,14:55:00,648.5,0.6652,2.0829,NA,NA,NA,NA,-0.004851147,-0.00483584,26.17111002,76.14485128,102.3159613
7.5,Tegula,-2.96E-05,TEG_T10_28_20240430_O2,250.4212436,-0.003474335,16.24533871,S44,a,10,16,NA,28,0,0:44:00,1:48:00,115,0.0363,2.09,0:18:00,1:50:00,1.5975,1.9808,-4.00E-04,-3.70E-04,36.68534132,0,36.68534132
7.5,Tegula,-2.96E-05,TEG_T10_47_20240430_O2,236.0342152,-0.004061404,16.11331183,S44,a,10,16,NA,47,0,0:44:00,1:48:00,115,0.0432,2.5555,0:17:00,1:52:00,2.0403,2.5108,-4.67E-04,-4.37E-04,36.451955,0,36.451955
7.5,Tegula,-2.96E-05,TEG_T10_51_20240430_O2,216.1399287,-0.003157171,16.29557527,S44,a,10,16,NA,51,0,0:44:00,1:48:00,115,0.0278,1.8786,0:20:00,1:58:00,1.5074,1.8016,-3.63E-04,-3.33E-04,43.17884871,0,43.17884871
7.5,Tegula,-2.96E-05,TEG_T2_51_20240615_O2,256.1253475,-0.004322173,15.769625,S146,b,2,16,NA,51,0,15:25:00,16:26:00,115,0.0337,1.5368,15:20:00,16:28:00,1.2118,1.4521,-4.97E-04,-4.67E-04,49.93124101,0,49.93124101
7.5,Tegula,-2.96E-05,TEG_T2_60_20240615_O2,260.8893845,-0.002459947,15.90932386,S146,b,2,16,NA,60,0,15:25:00,16:26:00,115,0.0339,1.662,15:20:00,16:28:00,1.3023,1.6115,-2.83E-04,-2.53E-04,26.89443239,0,26.89443239
7.5,Tegula,-2.96E-05,TEG_T2_64_20240615_O2,213.5742105,-0.003919184,15.90586364,S146,b,2,16,NA,64,0,15:25:00,16:26:00,115,0.0444,1.7639,15:20:00,16:28:00,1.368,1.7332,-4.51E-04,-4.21E-04,34.14066162,0,34.14066162
7.5,Tegula,-2.96E-05,TEG_T5_23_20240430_O2,173.9106986,-0.004630825,20.25385795,S53,a,5,20,NA,23,0,16:23:00,17:24:00,115,0.0484,2.5027,16:10:00,17:35:00,2.0271,2.4621,-5.33E-04,-5.03E-04,37.40629649,0,37.40629649
7.5,Tegula,-2.96E-05,TEG_T5_34_20240430_O2,224.634288,-0.004996457,20.32410795,S53,a,5,20,NA,34,0,16:23:00,17:24:00,115,0.0409,2.0595,16:12:00,17:29:00,1.6038,2.0361,-5.75E-04,-5.45E-04,47.9666601,0,47.9666601
7.5,Tegula,-2.96E-05,TEG_T5_68_20240430_O2,183.4605245,-0.001846465,20.288,S53,a,5,20,NA,68,0,16:23:00,17:24:00,115,0.0312,2.0338,16:14:00,17:30:00,1.6408,2.0312,-2.12E-04,-1.83E-04,21.08140096,0,21.08140096
7.5,Tegula,-2.96E-05,TEG_T9_03_20240614_O2,235.4367473,-0.004139715,19.63114857,S151,b,9,20,NA,3,0,12:07:00,13:08:00,115,0.0345,1.7372,11:53:00,13:10:00,1.4365,1.7093,-4.76E-04,-4.46E-04,46.58391913,0,46.58391913
7.5,Tegula,-2.96E-05,TEG_T9_29_20240614_O2,239.9355371,-0.006248628,19.75001143,S151,b,9,20,NA,29,0,12:07:00,13:08:00,114.75,0.0405,1.9345,11:53:00,13:10:00,1.5451,1.9198,-7.17E-04,-6.87E-04,61.10151671,0,61.10151671
7.5,Tegula,-2.96E-05,TEG_T9_55_20240614_O2,224.84112,-0.0074375,19.63605143,S151,b,9,20,NA,55,0,12:07:00,13:08:00,115,0.0446,1.6644,11:53:00,13:10:00,1.3285,1.5955,-8.55E-04,-8.26E-04,66.6463722,0,66.6463722
7.6,Rockweed,-1.53E-05,RW_T11_61_Dark_20240428_O2,235.8846382,-0.006039492,20.088,S11,a,11,20,c,61,0,18:21:00,18:53:00,648,0.7812,2.5581,NA,NA,NA,NA,-0.003913591,-0.003898283,17.96443924,27.51969008,45.48412933
7.6,Rockweed,-1.53E-05,RW_T11_62_Dark_20240428_O2,202.2235534,-0.005323475,20.17425287,S11,a,11,20,p,62,0,18:21:00,18:53:00,648,1.0023,2.941,NA,NA,NA,NA,-0.003449612,-0.003434304,12.33512469,13.39689751,25.7320222
7.6,Rockweed,-1.53E-05,RW_T11_63_Dark_20240428_O2,239.306517,-0.007551222,20.0942069,S11,a,11,20,p,63,0,18:21:00,18:53:00,646,1.0338,3.2374,NA,NA,NA,NA,-0.004878089,-0.004862782,16.93365727,72.25051798,89.18417525
7.6,Rockweed,-1.53E-05,RW_T11_64_Dark_20240428_O2,227.3814993,-0.003827329,20.04143678,S11,a,11,20,p,64,0,18:21:00,18:53:00,646,0.8557,3.153,NA,NA,NA,NA,-0.002472455,-0.002457147,10.33741886,77.0536393,87.39105817
7.6,Rockweed,-1.53E-05,RW_T11_65_Dark_20240428_O2,231.0426564,-0.007093769,20.06629885,S11,a,11,20,c,65,0,18:21:00,18:53:00,646,1.1355,3.1623,NA,NA,NA,NA,-0.004582575,-0.004567267,14.48010761,47.72142428,62.20153188
7.6,Rockweed,-1.53E-05,RW_T11_66_Dark_20240428_O2,237.6590597,-0.006089325,20.21149425,S11,a,11,20,c,66,0,18:21:00,18:53:00,646,0.1628,2.7303,NA,NA,NA,NA,-0.003933704,-0.003918396,86.64758735,-86.15212598,0.495461366
7.6,Rockweed,-1.53E-05,RW_T19_103_Dark_20240613_O2,253.3152096,-0.006021525,16.42001754,S112,b,19,16,p,103,0,19:05:00,19:27:00,646,1.0063,3.3171,NA,NA,NA,NA,-0.003889905,-0.003874598,13.86122582,75.3833333,89.24455912
7.6,Rockweed,-1.53E-05,RW_T19_104_Dark_20240613_O2,221.4760112,-0.003912163,16.55147368,S112,b,19,16,c,104,0,19:05:00,19:27:00,646.5,0.7811,2.7834,NA,NA,NA,NA,-0.002529213,-0.002513906,11.58630286,41.35562004,52.94192291
7.6,Rockweed,-1.53E-05,RW_T19_105_Dark_20240613_O2,258.3611301,-0.004590898,16.48208772,S112,b,19,16,p,105,0,19:05:00,19:27:00,647,0.9724,3.1265,NA,NA,NA,NA,-0.002970311,-0.002955004,10.93995539,67.14242893,78.08238432
7.6,Rockweed,-1.53E-05,RW_T19_106_Dark_20240613_O2,201.3249533,-0.003273127,16.45063158,S112,b,19,16,c,106,0,19:05:00,19:27:00,648,0.712,2.505,NA,NA,NA,NA,-0.002120986,-0.002105679,10.64669054,61.84056768,72.48725822
7.6,Rockweed,-1.53E-05,RW_T19_107_Dark_20240613_O2,248.4064922,-0.005939833,16.49426316,S112,b,19,16,c,107,0,19:05:00,19:27:00,647.5,0.9128,3.0669,NA,NA,NA,NA,-0.003846042,-0.003830734,15.10806718,48.39275238,63.50081956
7.6,Rockweed,-1.53E-05,RW_T19_108_Dark_20240613_O2,257.1749258,-0.00330083,16.56231933,S112,b,19,16,p,108,0,19:05:00,19:27:00,648.5,0.571,2.0152,NA,NA,NA,NA,-0.002140588,-0.002125281,13.39931825,55.57204758,68.97136583
7.6,Rockweed,-1.53E-05,RW_T4_19_Dark_20240612_O2,236.6226379,-0.007904795,20.20023729,S102,b,4,20,p,19,0,8:01:00,8:22:00,646,1.1533,3.4853,NA,NA,NA,NA,-0.005106498,-0.00509119,15.89203525,51.71797613,67.61001137
7.6,Rockweed,-1.53E-05,RW_T4_20_Dark_20240612_O2,239.2662111,-0.008561483,20.22425424,S102,b,4,20,c,20,0,8:01:00,8:22:00,646,1.1937,4.1581,NA,NA,NA,NA,-0.005530718,-0.005515411,16.63355773,77.62054576,94.25410349
7.6,Rockweed,-1.53E-05,RW_T4_21_Dark_20240612_O2,234.3124055,-0.00492729,19.95267797,S102,b,4,20,p,21,0,8:01:00,8:22:00,649,0.7308,2.2441,NA,NA,NA,NA,-0.003197811,-0.003182504,15.67735818,110.2593334,125.9366916
7.6,Rockweed,-1.53E-05,RW_T4_22_Dark_20240612_O2,234.5885319,-0.003913941,20.17689831,S102,b,4,20,c,22,0,8:01:00,8:22:00,648.5,0.6257,2.2131,NA,NA,NA,NA,-0.002538191,-0.002522883,14.51555004,43.8584048,58.37395483
7.6,Rockweed,-1.53E-05,RW_T4_23_Dark_20240612_O2,206.017189,-0.005132415,20.11188136,S102,b,4,20,p,23,0,8:01:00,8:22:00,648,0.8783,3.0684,NA,NA,NA,NA,-0.003325805,-0.003310497,13.56915714,76.79036481,90.35952195
7.6,Rockweed,-1.53E-05,RW_T4_24_Dark_20240612_O2,224.7991803,-0.002558754,19.94806897,S102,b,4,20,c,24,0,8:01:00,8:22:00,648.25,0.5874,2.1738,NA,NA,NA,NA,-0.001658712,-0.001643405,10.07193941,77.19127355,87.26321296
7.6,Rockweed,-1.53E-05,RW_T7_37_Dark_20240429_O2,241.5125073,-0.00832304,16.51731461,S7,a,7,16,p,37,0,21:01:00,21:31:00,646,1.0398,3.4157,NA,NA,NA,NA,-0.005376684,-0.005361376,18.56218006,42.63195809,61.19413815
7.6,Rockweed,-1.53E-05,RW_T7_38_Dark_20240429_O2,257.3002568,-0.008601048,16.73457303,S7,a,7,16,c,38,0,21:01:00,21:31:00,648,1.2317,2.974,NA,NA,NA,NA,-0.005573479,-0.005558172,16.24536638,26.989931,43.23529738
7.6,Rockweed,-1.53E-05,RW_T7_39_Dark_20240429_O2,205.9121527,-0.00304945,16.61695506,S7,a,7,16,p,39,0,21:01:00,21:31:00,648,0.7801,2.7823,NA,NA,NA,NA,-0.001976044,-0.001960736,9.048391181,35.34475095,44.39314213
7.6,Rockweed,-1.53E-05,RW_T7_40_Dark_20240429_O2,219.6088968,-0.003885402,16.61403371,S7,a,7,16,c,40,0,21:01:00,21:31:00,648,1.0827,3.2179,NA,NA,NA,NA,-0.00251774,-0.002502433,8.320641716,37.75802961,46.07867132
7.6,Rockweed,-1.53E-05,RW_T7_41_Dark_20240429_O2,249.337642,-0.005767342,16.66904494,S7,a,7,16,c,41,0,21:01:00,21:31:00,648,0.9648,3.1852,NA,NA,NA,NA,-0.003737238,-0.00372193,13.88779894,42.20674178,56.09454072
7.6,Rockweed,-1.53E-05,RW_T7_42_Dark_20240429_O2,196.1369867,-0.004093901,16.61895506,S7,a,7,16,p,42,0,21:01:00,21:31:00,646,1.003,2.804,NA,NA,NA,NA,-0.00264466,-0.002629353,9.437357094,39.70438872,49.14174582
7.6,Tegula,-2.95E-05,TEG_T11_40_20240430_O2,238.1544866,-0.005065724,20.12178286,S56,a,11,20,NA,40,0,19:39:00,20:40:00,115,0.0252,1.8756,19:25:00,20:42:00,1.5269,1.8171,-5.83E-04,-5.53E-04,79.00932286,0,79.00932286
7.6,Tegula,-2.95E-05,TEG_T11_48_20240430_O2,230.7037598,-0.00410677,20.16995429,S56,a,11,20,NA,48,0,19:39:00,20:40:00,115,0.0372,2.3639,19:26:00,20:45:00,1.9312,2.252,-4.72E-04,-4.43E-04,42.85021452,0,42.85021452
7.6,Tegula,-2.95E-05,TEG_T11_55_20240430_O2,192.7759192,-0.003387856,20.14282857,S56,a,11,20,NA,55,0,19:39:00,20:40:00,115,0.0372,2.1489,19:27:00,20:46:00,1.7421,2.1359,-3.90E-04,-3.60E-04,34.84939742,0,34.84939742
7.6,Tegula,-2.95E-05,TEG_T19_57_20240615_O2,241.2765463,-0.004199769,15.74523429,S145,b,19,16,NA,57,0,14:09:00,15:10:00,115,0.0516,1.874,13:55:00,15:11:00,1.4846,1.8523,-4.83E-04,-4.53E-04,31.63816988,0,31.63816988
7.6,Tegula,-2.95E-05,TEG_T19_67_20240615_O2,250.4940079,-0.005120375,16.02003429,S145,b,19,16,NA,67,0,14:09:00,15:10:00,114.5,0.0424,2.306,13:55:00,15:11:00,1.909,2.0821,-5.86E-04,-5.57E-04,47.27461733,0,47.27461733
7.6,Tegula,-2.95E-05,TEG_T4_02_20240614_O2,231.1514298,-0.004298145,19.34686517,S148,b,4,20,NA,2,0,9:12:00,10:13:00,115,0.0981,2.0481,9:02:00,10:15:00,1.601,2.0229,-4.94E-04,-4.65E-04,17.05664862,0,17.05664862
7.6,Tegula,-2.95E-05,TEG_T4_23_20240614_O2,241.6469468,-0.004197391,19.25878652,S148,b,4,20,NA,23,0,9:12:00,10:13:00,115.25,0.02,1.6157,9:02:00,10:15:00,1.2711,1.6294,-4.84E-04,-4.54E-04,81.7661363,0,81.7661363
7.6,Tegula,-2.95E-05,TEG_T4_69_20240614_O2,238.942578,-0.004646172,19.32612921,S148,b,4,20,NA,69,0,9:12:00,10:13:00,115,0.0275,1.6056,9:02:00,10:15:00,1.2796,1.588,-5.34E-04,-5.05E-04,66.08510575,0,66.08510575
7.6,Tegula,-2.95E-05,TEG_T7_06_20240430_O2,193.7715789,-0.002316369,16.19476101,S42,a,7,16,NA,6,0,23:00:00,0:03:00,115,0.04,2.4597,22:35:00,0:05:00,1.9391,2.435,-2.66E-04,-2.37E-04,21.32004915,0,21.32004915
7.6,Tegula,-2.95E-05,TEG_T7_14_20240430_O2,242.5102246,-0.003664364,16.25250314,S42,a,7,16,NA,14,0,23:00:00,0:03:00,115,0.042,2.062,22:37:00,0:07:00,1.6172,2.0042,-4.21E-04,-3.92E-04,33.592188,0,33.592188
7.6,Tegula,-2.95E-05,TEG_T7_42_20240430_O2,212.7011328,-0.004429957,16.23402516,S42,a,7,16,NA,42,0,23:00:00,0:03:00,115,0.0416,1.9351,22:36:00,0:10:00,1.5432,1.9122,-5.09E-04,-4.80E-04,41.53431245,0,41.53431245
7.7,Rockweed,-1.53E-05,RW_T12_67_Dark_20240612_O2,192.2907415,-0.002698785,20.20486066,S113,b,12,20,c,67,0,17:57:00,18:18:00,648,0.5365,1.9329,NA,NA,NA,NA,-0.001748813,-0.001733505,11.6320944,54.2434078,65.87550221
7.7,Rockweed,-1.53E-05,RW_T12_68_Dark_20240612_O2,236.6455316,-0.006763328,20.19338525,S113,b,12,20,p,68,0,17:57:00,18:18:00,646,0.8401,2.794,NA,NA,NA,NA,-0.00436911,-0.004353802,18.65693203,48.83434405,67.49127608
7.7,Rockweed,-1.53E-05,RW_T12_69_Dark_20240612_O2,229.5632273,-0.005426735,20.14000826,S113,b,12,20,p,69,0,17:57:00,18:18:00,649,0.9132,5.1198,NA,NA,NA,NA,-0.003521951,-0.003506644,13.82382463,92.35850677,106.1823314
7.7,Rockweed,-1.53E-05,RW_T12_70_Dark_20240612_O2,230.8816143,-0.005832815,20.30517213,S113,b,12,20,p,70,0,17:57:00,18:18:00,648.5,0.8156,3.2084,NA,NA,NA,NA,-0.003782581,-0.003767273,16.62847339,87.04462347,103.6730969
7.7,Rockweed,-1.53E-05,RW_T12_71_Dark_20240612_O2,203.850092,-0.007074854,20.2212314,S113,b,12,20,c,71,0,17:57:00,18:18:00,646,0.9916,3.0664,NA,NA,NA,NA,-0.004570356,-0.004555048,16.53708498,51.61909551,68.15618049
7.7,Rockweed,-1.53E-05,RW_T12_72_Dark_20240612_O2,185.496312,-0.00500811,21.03796694,S113,b,12,20,c,72,0,17:57:00,18:18:00,646,0.7834,2.6167,NA,NA,NA,NA,-0.003235239,-0.003219932,14.79672404,37.12725945,51.9239835
7.7,Rockweed,-1.53E-05,RW_T3_13_Dark_20240429_O2,220.6682016,-0.004661097,16.59877011,S3,a,3,16,p,13,0,14:44:00,15:17:00,648,0.6442,2.406,NA,NA,NA,NA,-0.003020391,-0.003005083,16.79338727,50.16840551,66.96179278
7.7,Rockweed,-1.53E-05,RW_T3_14_Dark_20240429_O2,199.170744,-0.004758975,16.59713793,S3,a,3,16,c,14,0,14:44:00,15:17:00,646,0.8909,2.8902,NA,NA,NA,NA,-0.003074298,-0.00305899,12.36094428,25.05571217,37.41665645
7.7,Rockweed,-1.53E-05,RW_T3_15_Dark_20240429_O2,241.3234072,-0.006029615,16.4427931,S3,a,3,16,p,15,0,14:44:00,15:17:00,648,0.8411,2.6644,NA,NA,NA,NA,-0.003907191,-0.003891883,16.65768502,23.99683405,40.65451907
7.7,Rockweed,-1.53E-05,RW_T3_16_Dark_20240429_O2,251.8924964,-0.003454202,16.545,S3,a,3,16,c,16,0,14:44:00,15:17:00,648,0.7564,2.7143,NA,NA,NA,NA,-0.002238323,-0.002223015,10.58018962,56.73841368,67.31860329
7.7,Rockweed,-1.53E-05,RW_T3_17_Dark_20240429_O2,259.2151191,-0.004039772,16.50522989,S3,a,3,16,p,17,0,14:44:00,15:17:00,648,0.7256,2.5992,NA,NA,NA,NA,-0.002617772,-0.002602465,12.91189791,44.38638006,57.29827797
7.7,Rockweed,-1.53E-05,RW_T3_18_Dark_20240429_O2,248.2895586,-0.003899106,16.46812644,S3,a,3,16,c,18,0,14:44:00,15:17:00,646,0.581,2.3613,NA,NA,NA,NA,-0.002518822,-0.002503515,15.5123131,25.06629676,40.57860986
7.7,Rockweed,-1.53E-05,RW_T6_31_Dark_20240613_O2,261.0234682,-0.004935996,16.19981356,S103,b,6,16,p,31,0,9:19:00,9:41:00,649,0.6444,2.4226,NA,NA,NA,NA,-0.003203461,-0.003188154,17.81091566,30.61571675,48.42663241
7.7,Rockweed,-1.53E-05,RW_T6_32_Dark_20240613_O2,203.7751496,-0.003901192,16.16613559,S103,b,6,16,c,32,0,9:19:00,9:41:00,648,0.7157,2.6179,NA,NA,NA,NA,-0.002527972,-0.002512665,12.63880634,30.50632803,43.14513437
7.7,Rockweed,-1.53E-05,RW_T6_33_Dark_20240613_O2,225.0414083,-0.003740066,16.22640678,S103,b,6,16,p,33,0,9:19:00,9:41:00,648,0.8262,2.7673,NA,NA,NA,NA,-0.002423563,-0.002408255,10.49348701,49.98550782,60.47899482
7.7,Rockweed,-1.53E-05,RW_T6_34_Dark_20240613_O2,260.7614621,-0.00183197,16.20125424,S103,b,6,16,p,34,0,9:19:00,9:41:00,649.5,0.3801,1.2338,NA,NA,NA,NA,-0.001189865,-0.001174557,11.12445476,80.71897087,91.84342563
7.7,Rockweed,-1.53E-05,RW_T6_35_Dark_20240613_O2,256.1588605,-0.004046168,16.02877966,S103,b,6,16,c,35,0,9:19:00,9:41:00,648,0.7272,2.3788,NA,NA,NA,NA,-0.002621917,-0.002606609,12.90400675,41.41433982,54.31834657
7.7,Rockweed,-1.53E-05,RW_T6_36_Dark_20240613_O2,263.0997263,-0.006112215,16.18435593,S103,b,6,16,c,36,0,9:19:00,9:41:00,647,0.9581,3.3751,NA,NA,NA,NA,-0.003954603,-0.003939296,14.80165346,117.921224,132.7228775
7.7,Rockweed,-1.53E-05,RW_T9_49_Dark_20240428_O2,225.821699,-0.006013519,20.40774713,S9,a,9,20,c,49,0,16:27:00,17:00:00,646,0.8163,2.7836,NA,NA,NA,NA,-0.003884733,-0.003869426,17.06472227,28.16935441,45.23407667
7.7,Rockweed,-1.53E-05,RW_T9_50_Dark_20240428_O2,220.0264132,-0.00531027,20.22435632,S9,a,9,20,p,50,0,16:27:00,17:00:00,646,0.8628,3.211,NA,NA,NA,NA,-0.003430434,-0.003415127,14.24948645,31.07347373,45.32296018
7.7,Rockweed,-1.53E-05,RW_T9_51_Dark_20240428_O2,233.9406631,-0.00436677,20.36709195,S9,a,9,20,c,51,0,16:27:00,17:00:00,648,0.741,2.6531,NA,NA,NA,NA,-0.002829667,-0.002814359,13.67300143,73.59996494,87.27296636
7.7,Rockweed,-1.53E-05,RW_T9_52_Dark_20240428_O2,177.8453751,-0.005331513,20.31754023,S9,a,9,20,p,52,0,16:27:00,17:00:00,648,0.8582,2.924,NA,NA,NA,NA,-0.00345482,-0.003439513,14.42815955,25.94631027,40.37446982
7.7,Rockweed,-1.53E-05,RW_T9_53_Dark_20240428_O2,231.7631449,-0.007776568,20.33283908,S9,a,9,20,c,53,0,16:27:00,17:00:00,648,0.8929,3.2404,NA,NA,NA,NA,-0.005039216,-0.005023909,20.25542707,38.20455399,58.45998106
7.7,Rockweed,-1.53E-05,RW_T9_54_Dark_20240428_O2,229.5425243,-0.006418027,20.32083908,S9,a,9,20,p,54,0,16:27:00,17:00:00,648,0.9769,3.6111,NA,NA,NA,NA,-0.004158881,-0.004143574,15.26959401,86.23290763,101.5025016
7.7,Tegula,-2.96E-05,TEG_T12_11_20240614_O2,240.3493434,-0.004553927,20.14366667,S153,b,12,20,NA,11,0,1:34:00,2:35:00,115,0.0386,1.7705,1:23:00,2:38:00,1.4248,1.7489,-5.24E-04,-4.94E-04,46.07847093,0,46.07847093
7.7,Tegula,-2.96E-05,TEG_T12_14_20240614_O2,205.9128389,-0.003607832,20.18857627,S153,b,12,20,NA,14,0,1:34:00,2:35:00,115,0.0356,1.7474,1:23:00,2:38:00,1.3729,1.7066,-4.15E-04,-3.85E-04,38.95914742,0,38.95914742
7.7,Tegula,-2.96E-05,TEG_T12_28_20240614_O2,233.3272194,-0.003883594,20.10721469,S153,b,12,20,NA,28,0,1:34:00,2:35:00,115.25,0.0344,1.4999,1:23:00,2:38:00,1.2209,1.4191,-4.48E-04,-4.18E-04,43.7385567,0,43.7385567
7.7,Tegula,-2.96E-05,TEG_T3_02_20240430_O2,202.3900527,-0.002733096,16.07517877,S40,a,3,16,NA,2,0,21:15:00,22:18:00,114.5,0.0504,2.5047,8:43:00,10:20:00,1.9691,2.4469,-3.13E-04,-2.83E-04,20.23582086,0,20.23582086
7.7,Tegula,-2.96E-05,TEG_T3_61_20240430_O2,245.340656,-0.003632968,16.14906704,S40,a,3,16,NA,61,0,21:15:00,22:18:00,115,0.04,1.0905,8:44:00,10:21:00,1.4683,1.8788,-4.18E-04,-3.88E-04,34.9337988,0,34.9337988
7.7,Tegula,-2.96E-05,TEG_T3_71_20240430_O2,196.2084802,-0.002019585,16.08473184,S40,a,3,16,NA,71,0,21:15:00,22:18:00,115,0.0457,2.2174,8:45:00,10:20:00,1.7132,2.1278,-2.32E-04,-2.03E-04,15.96086193,0,15.96086193
7.7,Tegula,-2.96E-05,TEG_T6_25_20240615_O2,241.4484101,-0.002772378,15.74320455,S140,b,6,16,NA,25,0,11:10:00,12:12:00,115,0.0263,1.8409,10:53:00,12:15:00,1.4456,1.8283,-3.19E-04,-2.89E-04,39.58432289,0,39.58432289
7.7,Tegula,-2.96E-05,TEG_T6_45_20240615_O2,208.9961921,-0.003018006,15.77158192,S140,b,6,16,NA,45,0,11:10:00,12:12:00,115,0.0323,1.5736,10:53:00,12:15:00,1.3006,1.5422,-3.47E-04,-3.17E-04,35.37949486,0,35.37949486
7.7,Tegula,-2.96E-05,TEG_T9_44_20240430_O2,235.8131115,-0.002983956,20.29442381,S54,a,9,20,NA,44,0,18:02:00,19:15:00,115,0.0301,1.8191,17:50:00,19:17:00,1.4658,1.7927,-3.43E-04,-3.14E-04,37.49704266,0,37.49704266
7.7,Tegula,-2.96E-05,TEG_T9_53_20240430_O2,198.0296829,-0.004518256,20.32105714,S54,a,9,20,NA,53,0,18:02:00,19:15:00,114.5,0.1002,2.5698,17:52:00,19:20:00,2.0045,2.5397,-5.17E-04,-4.88E-04,17.52223875,0,17.52223875
7.7,Tegula,-2.96E-05,TEG_T9_63_20240430_O2,227.7358858,-0.002877982,20.13053333,S54,a,9,20,NA,63,0,18:02:00,19:15:00,115,0.0298,1.6733,17:54:00,19:18:00,1.3541,1.6128,-3.31E-04,-3.01E-04,36.40227342,0,36.40227342
7.8,Rockweed,-1.53E-05,RW_T14_79_Dark_20240429_O2,242.799222,-0.006087969,16.3778806,S14,a,14,16,c,79,0,19:15:00,19:47:00,646,1.0593,3.3104,NA,NA,NA,NA,-0.003932828,-0.00391752,13.3135785,59.56714698,72.88072548
7.8,Rockweed,-1.53E-05,RW_T14_80_Dark_20240429_O2,240.7804274,-0.006089021,16.46851493,S14,a,14,16,p,80,0,19:15:00,19:47:00,648,1.0042,3.3033,NA,NA,NA,NA,-0.003945686,-0.003930378,14.09018242,30.20201889,44.29220131
7.8,Rockweed,-1.53E-05,RW_T14_81_Dark_20240429_O2,245.2107824,-0.005097342,17.99406716,S14,a,14,16,c,81,0,19:15:00,19:47:00,646,1.1536,3.5405,NA,NA,NA,NA,-0.003292883,-0.003277575,10.22821737,61.38890074,71.61711811
7.8,Rockweed,-1.53E-05,RW_T14_82_Dark_20240429_O2,239.4801233,-0.004804591,16.49928358,S14,a,14,16,p,82,0,19:15:00,19:47:00,646,0.771,2.7971,NA,NA,NA,NA,-0.003103766,-0.003088458,14.4208169,54.23381492,68.65463182
7.8,Rockweed,-1.53E-05,RW_T14_83_Dark_20240429_O2,186.4474998,-0.005686491,16.3516194,S14,a,14,16,c,83,0,19:15:00,19:47:00,646,1.2381,4.0425,NA,NA,NA,NA,-0.003673473,-0.003658166,10.63677931,34.36732238,45.0041017
7.8,Rockweed,-1.53E-05,RW_T14_84_Dark_20240429_O2,228.7836053,-0.006108102,16.32727612,S14,a,14,16,p,84,0,19:15:00,19:47:00,646,1.337,3.674,NA,NA,NA,NA,-0.003945834,-0.003930526,10.58331714,35.96500884,46.54832598
7.8,Rockweed,-1.53E-05,RW_T17_91_Dark_20240428_O2,230.8476373,-0.005440196,20.1589186,S17,a,17,20,p,91,0,23:01:00,23:32:00,648,0.9071,2.92,NA,NA,NA,NA,-0.003525247,-0.00350994,13.92986686,58.34348664,72.2733535
7.8,Rockweed,-1.53E-05,RW_T17_92_Dark_20240428_O2,231.8117196,-0.00586088,20.40103448,S17,a,17,20,c,92,0,23:01:00,23:32:00,648,0.9673,3.1998,NA,NA,NA,NA,-0.00379785,-0.003782543,14.07748771,64.82304642,78.90053413
7.8,Rockweed,-1.53E-05,RW_T17_93_Dark_20240428_O2,240.4959229,-0.004528559,20.38280233,S17,a,17,20,p,93,0,23:01:00,23:32:00,648,1.0477,3.2273,NA,NA,NA,NA,-0.002934506,-0.002919199,10.03065327,93.5530746,103.5837279
7.8,Rockweed,-1.53E-05,RW_T17_94_Dark_20240428_O2,187.8803171,-0.005415403,20.35347126,S17,a,17,20,c,94,0,23:01:00,23:32:00,648,0.981,2.867,NA,NA,NA,NA,-0.003509181,-0.003493874,12.82155466,46.76586914,59.58742379
7.8,Rockweed,-1.53E-05,RW_T17_95_Dark_20240428_O2,182.3524052,-0.005189334,20.29075581,S17,a,17,20,p,95,0,23:01:00,23:32:00,646,1.1308,3.2315,NA,NA,NA,NA,-0.00335231,-0.003337002,10.6236365,34.39557016,45.01920666
7.8,Rockweed,-1.53E-05,RW_T17_96_Dark_20240428_O2,236.3317911,-0.006465289,20.2772069,S17,a,17,20,c,96,0,23:01:00,23:32:00,646,0.9434,3.3786,NA,NA,NA,NA,-0.004176577,-0.004161269,15.87933973,54.66938298,70.5487227
7.8,Rockweed,-1.53E-05,RW_T18_100_Dark_20240613_O2,243.7287084,-0.004421396,16.52567273,S110,b,18,16,p,100,0,15:52:00,16:14:00,647.5,0.6351,2.5452,NA,NA,NA,NA,-0.002862854,-0.002847546,16.1410283,61.80644454,77.94747285
7.8,Rockweed,-1.53E-05,RW_T18_101_Dark_20240613_O2,224.4082081,-0.005033697,16.69098214,S110,b,18,16,c,101,0,15:52:00,16:14:00,648,0.7756,2.6985,NA,NA,NA,NA,-0.003261836,-0.003246528,15.06898061,47.40696455,62.47594516
7.8,Rockweed,-1.53E-05,RW_T18_102_Dark_20240613_O2,259.2990695,-0.003867835,16.60444643,S110,b,18,16,c,102,0,15:52:00,16:14:00,648.5,0.6486,2.0338,NA,NA,NA,NA,-0.002508291,-0.002492983,13.83709619,59.76924956,73.60634575
7.8,Rockweed,-1.53E-05,RW_T18_97_Dark_20240613_O2,209.9213736,-0.002920425,16.67053571,S110,b,18,16,p,97,0,15:52:00,16:14:00,647,0.8317,2.4082,NA,NA,NA,NA,-0.001889515,-0.001874207,8.112476746,44.56333203,52.67580878
7.8,Rockweed,-1.53E-05,RW_T18_98_Dark_20240613_O2,210.9452003,-0.002488481,22.4295,S110,b,18,16,p,98,0,15:52:00,16:14:00,646,1.155,3.3285,NA,NA,NA,NA,-0.001607559,-0.001592251,4.962860964,48.01355801,52.97641898
7.8,Rockweed,-1.53E-05,RW_T18_99_Dark_20240613_O2,200.5565414,-0.004803528,16.60916071,S110,b,18,16,c,99,0,15:52:00,16:14:00,646,1.1325,3.7689,NA,NA,NA,NA,-0.003103079,-0.003087772,9.815432863,57.75560311,67.57103597
7.8,Rockweed,-1.53E-05,RW_T8_43_Dark_20240612_O2,234.7543455,-0.004604909,20.02719643,S105,b,8,20,p,43,0,11:37:00,11:58:00,648,0.6342,2.3197,NA,NA,NA,NA,-0.002983981,-0.002968674,16.85150539,50.30795273,67.15945812
7.8,Rockweed,-1.53E-05,RW_T8_44_Dark_20240612_O2,224.4337913,-0.004588448,19.89803571,S105,b,8,20,c,44,0,11:37:00,11:58:00,646,0.8439,2.9193,NA,NA,NA,NA,-0.002964137,-0.00294883,12.57943793,50.90990229,63.48934021
7.8,Rockweed,-1.53E-05,RW_T8_45_Dark_20240612_O2,185.2199806,-0.00412169,20.01728571,S105,b,8,20,p,45,0,11:37:00,11:58:00,646,0.7699,2.707,NA,NA,NA,NA,-0.002662612,-0.002647304,12.37861445,45.98376293,58.36237738
7.8,Rockweed,-1.53E-05,RW_T8_46_Dark_20240612_O2,190.2904783,-0.003034205,20.05082143,S105,b,8,20,p,46,0,11:37:00,11:58:00,648,0.6256,2.2623,NA,NA,NA,NA,-0.001966165,-0.001950857,11.22616116,50.84327787,62.06943904
7.8,Rockweed,-1.53E-05,RW_T8_47_Dark_20240612_O2,242.9351618,-0.003149988,19.98517857,S105,b,8,20,c,47,0,11:37:00,11:58:00,649,0.328,1.0322,NA,NA,NA,NA,-0.002044342,-0.002029035,22.26989318,25.0108435,47.28073668
7.8,Rockweed,-1.53E-05,RW_T8_48_Dark_20240612_O2,243.7358481,-0.005600274,19.93291071,S105,b,8,20,c,48,0,11:37:00,11:58:00,648,0.8292,2.7382,NA,NA,NA,NA,-0.003628978,-0.00361367,15.68887143,110.9964602,126.6853316
7.8,Tegula,-2.96E-05,TEG_T14_10_20240430_O2,251.0843055,-0.003570641,16.22575472,S43,a,14,16,NA,10,0,23:00:00,0:03:00,115,0.0309,1.7621,22:40:00,0:15:00,1.4045,1.6945,-4.11E-04,-3.81E-04,44.38668524,0,44.38668524
7.8,Tegula,-2.96E-05,TEG_T14_66_20240430_O2,248.3107803,-0.004925349,16.27613208,S43,a,14,16,NA,66,0,23:00:00,0:03:00,114.5,0.0419,2.1565,22:44:00,0:17:00,1.6868,2.0865,-5.64E-04,-5.34E-04,45.90768634,0,45.90768634
7.8,Tegula,-2.96E-05,TEG_T14_72_20240430_O2,244.0889496,-0.003244548,16.11445912,S43,a,14,16,NA,72,0,23:00:00,0:03:00,115,0.0305,1.7517,22:43:00,0:08:00,1.3966,1.7226,-3.73E-04,-3.43E-04,40.54249416,0,40.54249416
7.8,Tegula,-2.96E-05,TEG_T17_22_20240430_O2,236.3085343,-0.006471411,20.27958095,S55,a,17,20,NA,22,0,18:02:00,19:15:00,115,0.0378,2.3002,17:45:00,19:19:00,1.8711,2.2169,-7.44E-04,-7.15E-04,68.0546919,0,68.0546919
7.8,Tegula,-2.96E-05,TEG_T17_35_20240430_O2,227.565892,-7.03E-04,20.14747143,S55,a,17,20,NA,35,0,18:02:00,19:15:00,114.5,0.0997,2.8157,17:46:00,19:21:00,2.2203,2.8073,-8.05E-05,-5.09E-05,1.836306921,0,1.836306921
7.8,Tegula,-2.96E-05,TEG_T17_77_20240430_O2,190.0478083,-0.004664877,20.3422381,S55,a,17,20,NA,77,0,18:02:00,19:15:00,115,0.0412,1.9138,17:48:00,19:16:00,1.5258,1.8829,-5.36E-04,-5.07E-04,44.28549218,0,44.28549218
7.8,Tegula,-2.96E-05,TEG_T18_31_20240615_O2,252.5748685,-0.002253508,15.6458,S144,b,18,16,NA,31,0,14:09:00,15:10:00,115,0.0326,1.6406,13:53:00,15:11:00,1.3482,1.6343,-2.59E-04,-2.30E-04,25.3452611,0,25.3452611
7.8,Tegula,-2.96E-05,TEG_T18_36_20240615_O2,258.607638,-0.002665747,15.85930857,S144,b,18,16,NA,36,0,14:09:00,15:10:00,115,0.0348,1.6789,13:53:00,15:11:00,1.349,1.66,-3.07E-04,-2.77E-04,28.64719707,0,28.64719707
7.8,Tegula,-2.96E-05,TEG_T18_38_20240615_O2,257.7335556,-0.002440397,15.86840571,S144,b,18,16,NA,38,0,14:09:00,15:10:00,115,0.0389,1.7484,13:53:00,15:11:00,1.4031,1.753,-2.81E-04,-2.51E-04,23.22950021,0,23.22950021
7.8,Tegula,-2.96E-05,TEG_T8_04_20240615B_O2,239.6636351,-0.006006802,19.90172727,S150,b,8,20,NA,4,0,16:10:00,17:11:00,115,0.0353,1.7949,16:08:00,17:12:00,1.4407,1.7344,-6.91E-04,-6.61E-04,67.42547388,0,67.42547388
7.8,Tegula,-2.96E-05,TEG_T8_20_20240614_O2,241.6521368,-0.00482417,20.03276136,S150,b,8,20,NA,20,0,10:41:00,11:42:00,115.25,0.0338,1.4608,10:37:00,11:45:00,1.1488,1.4392,-5.56E-04,-5.26E-04,56.06069033,0,56.06069033
7.8,Tegula,-2.96E-05,TEG_T8_43_20240614_O2,237.9506317,-0.006123866,20.05594886,S150,b,8,20,NA,43,0,10:41:00,11:42:00,115,0.0422,2.051,10:37:00,11:45:00,1.6816,2.0602,-7.04E-04,-6.75E-04,57.54937735,0,57.54937735
7.9,Rockweed,-1.53E-05,RW_T13_73_Dark_20240613_O2,209.7199205,-0.005784035,16.27724561,S114,b,13,16,c,73,0,11:53:00,12:14:00,646,1.0673,3.5314,NA,NA,NA,NA,-0.003736487,-0.003721179,12.55152703,56.82734189,69.37886892
7.9,Rockweed,-1.53E-05,RW_T13_74_Dark_20240613_O2,262.2231738,-0.005238255,16.30819298,S114,b,13,16,c,74,0,11:53:00,12:14:00,647,0.9034,2.6681,NA,NA,NA,NA,-0.003389151,-0.003373843,13.44458329,44.29492081,57.7395041
7.9,Rockweed,-1.53E-05,RW_T13_75_Dark_20240613_O2,260.6834521,-0.004193277,16.32980702,S114,b,13,16,p,75,0,11:53:00,12:14:00,648,0.6909,2.0419,NA,NA,NA,NA,-0.002717243,-0.002701936,14.07869386,51.92209657,66.00079043
7.9,Rockweed,-1.53E-05,RW_T13_76_Dark_20240613_O2,244.0407288,-0.004336869,16.22524561,S114,b,13,16,c,76,0,11:53:00,12:14:00,648,0.8197,2.6036,NA,NA,NA,NA,-0.002810291,-0.002794984,12.27515067,38.8631266,51.13827727
7.9,Rockweed,-1.53E-05,RW_T13_77_Dark_20240613_O2,258.5053687,-0.005860169,16.33885965,S114,b,13,16,p,77,0,11:53:00,12:14:00,648,0.9118,2.6333,NA,NA,NA,NA,-0.00379739,-0.003782082,14.93254578,67.31265409,82.24519987
7.9,Rockweed,-1.53E-05,RW_T13_78_Dark_20240613_O2,225.1001474,-0.002706577,16.44470175,S114,b,13,16,p,78,0,11:53:00,12:14:00,648,0.7673,2.0999,NA,NA,NA,NA,-0.001753862,-0.001738554,8.156908413,64.86551418,73.0224226
7.9,Rockweed,-1.53E-05,RW_T15_85_Dark_20240429_O2,252.9953011,-0.00528284,16.07043956,S15,a,15,16,p,85,0,2:29:00,3:01:00,648,1.0699,3.434,NA,NA,NA,NA,-0.00342328,-0.003407973,11.46714847,39.29666834,50.76381681
7.9,Rockweed,-1.53E-05,RW_T15_86_Dark_20240429_O2,259.5963886,-0.009089441,16.19318681,S15,a,15,16,p,86,0,2:29:00,3:01:00,646,1.2735,4.3511,NA,NA,NA,NA,-0.005871779,-0.005856471,16.55539614,40.64824626,57.2036424
7.9,Rockweed,-1.53E-05,RW_T15_87_Dark_20240429_O2,258.4985399,-0.006456828,16.27007692,S15,a,15,16,p,87,0,2:29:00,3:01:00,648,0.9813,3.6467,NA,NA,NA,NA,-0.004184025,-0.004168717,15.29336733,93.52316841,108.8165357
7.9,Rockweed,-1.53E-05,RW_T15_88_Dark_20240429_O2,258.5978959,-0.005511791,16.23304396,S15,a,15,16,c,88,0,2:29:00,3:01:00,648,0.6538,2.1995,NA,NA,NA,NA,-0.003571641,-0.003556333,19.58213375,59.0101944,78.59232815
7.9,Rockweed,-1.53E-05,RW_T15_89_Dark_20240429_O2,200.7140791,-0.005051893,16.21920879,S15,a,15,16,c,89,0,2:29:00,3:01:00,648,1.0659,3.6195,NA,NA,NA,NA,-0.003273627,-0.003258319,11.00473683,48.82958719,59.83432402
7.9,Rockweed,-1.53E-05,RW_T15_90_Dark_20240429_O2,244.7003035,-0.00428257,16.17026374,S15,a,15,16,c,90,0,2:29:00,3:01:00,646,1.1887,4.0075,NA,NA,NA,NA,-0.00276654,-0.002751233,8.332159327,78.99235598,87.32451531
7.9,Rockweed,-1.53E-05,RW_T19_103_Dark_20240428_O2,235.5317114,-0.0160005,20.10953488,S19,a,19,20,p,103,0,0:47:00,1:20:00,646,0.9084,4.3715,NA,NA,NA,NA,-0.010336323,-0.010321016,40.90230713,45.69882037,86.60112751
7.9,Rockweed,-1.53E-05,RW_T19_104_Dark_20240428_O2,241.2104068,-0.008692351,20.06823529,S19,a,19,20,c,104,0,0:47:00,1:20:00,646,0.8882,2.93,NA,NA,NA,NA,-0.005615259,-0.005599951,22.69739303,22.16458304,44.86197606
7.9,Rockweed,-1.53E-05,RW_T19_105_Dark_20240428_O2,239.872185,-0.009769479,20.10566279,S19,a,19,20,p,105,0,0:47:00,1:20:00,646,0.7666,3.5433,NA,NA,NA,NA,-0.006311083,-0.006295776,29.56534485,65.49796002,95.06330487
7.9,Rockweed,-1.53E-05,RW_T19_106_Dark_20240428_O2,225.6184267,-0.008099383,20.03369412,S19,a,19,20,p,106,0,0:47:00,1:20:00,646,1.0316,3.8225,NA,NA,NA,NA,-0.005232201,-0.005216894,18.20552356,72.16769822,90.37322179
7.9,Rockweed,-1.53E-05,RW_T19_107_Dark_20240428_O2,191.1164529,-0.005819171,20.14702326,S19,a,19,20,c,107,0,0:47:00,1:20:00,646,0.9101,3.218,NA,NA,NA,NA,-0.003759184,-0.003743877,14.80931445,12.20685188,27.01616633
7.9,Rockweed,-1.53E-05,RW_T19_108_Dark_20240428_O2,204.2110583,-0.007050072,20.18230588,S19,a,19,20,c,108,0,0:47:00,1:20:00,648,1.0399,3.5755,NA,NA,NA,NA,-0.004568447,-0.004553139,15.76238192,18.23880059,34.00118251
7.9,Rockweed,-1.53E-05,RW_T7_37_Dark_20240612_O2,208.9146751,-0.003832932,19.87126786,S104,b,7,20,c,37,0,9:54:00,10:55:00,646,0.639,2.4538,NA,NA,NA,NA,-0.002476074,-0.002460767,13.86347365,60.52653079,74.39000444
7.9,Rockweed,-1.53E-05,RW_T7_38_Dark_20240612_O2,192.9740731,-0.002938122,19.82483929,S104,b,7,20,p,38,0,9:54:00,10:55:00,648,0.4699,1.3133,NA,NA,NA,NA,-0.001903903,-0.001888596,14.46891679,37.30270659,51.77162338
7.9,Rockweed,-1.53E-05,RW_T7_39_Dark_20240612_O2,186.3765941,-0.003444498,19.85948214,S104,b,7,20,c,39,0,9:54:00,10:55:00,648,0.7215,2.4458,NA,NA,NA,NA,-0.002232035,-0.002216727,11.06059312,54.85546281,65.91605592
7.9,Rockweed,-1.53E-05,RW_T7_40_Dark_20240612_O2,228.1602741,-0.002805065,19.72153571,S104,b,7,20,c,40,0,9:54:00,10:55:00,649,0.5129,1.6814,NA,NA,NA,NA,-0.001820487,-0.00180518,12.67039748,67.46440086,80.13479834
7.9,Rockweed,-1.53E-05,RW_T7_41_Dark_20240612_O2,233.8481607,-0.003895102,19.87651786,S104,b,7,20,p,41,0,9:54:00,10:55:00,649,0.6397,2.1937,NA,NA,NA,NA,-0.002527921,-0.002512614,14.14008021,54.57752345,68.71760366
7.9,Rockweed,-1.53E-05,RW_T7_42_Dark_20240612_O2,238.2127092,-0.004134972,19.83685714,S104,b,7,20,p,42,0,9:54:00,10:55:00,648,0.8344,2.4368,NA,NA,NA,NA,-0.002679462,-0.002664154,11.49443394,64.43040862,75.92484257
7.9,Tegula,-2.96E-05,TEG_T13_40_20240615_O2,253.4099789,-0.002361799,15.83032386,S142,b,13,16,NA,40,0,12:40:00,13:42:00,115,0.0389,1.8225,12:23:00,1:45:00,1.4998,1.808,-2.72E-04,-2.42E-04,22.39300735,0,22.39300735
7.9,Tegula,-2.96E-05,TEG_T13_56_20240615_O2,240.0420564,-0.002520686,15.71525,S142,b,13,16,NA,56,0,12:40:00,13:42:00,115.25,0.035,1.5327,12:23:00,1:45:00,1.2507,1.4974,-2.91E-04,-2.61E-04,26.83245204,0,26.83245204
7.9,Tegula,-2.96E-05,TEG_T13_68_20240615_O2,250.354742,-0.003533405,15.69701136,S142,b,13,16,NA,68,0,12:40:00,13:42:00,115,0.038,1.9683,12:23:00,1:45:00,1.5769,1.9402,-4.06E-04,-3.77E-04,35.68770711,0,35.68770711
7.9,Tegula,-2.96E-05,TEG_T15_09_20240430_O2,241.3144651,-0.006215806,16.09750282,S46,a,15,16,NA,9,0,2:15:00,3:17:00,113,0.1291,3.109,2:00:00,3:20:00,2.2356,2.9156,-7.02E-04,-6.73E-04,18.75982247,0,18.75982247
7.9,Tegula,-2.96E-05,TEG_T15_32_20240430_O2,255.7650043,-0.003529746,16.2770339,S46,a,15,16,NA,32,0,2:15:00,3:17:00,115,0.0379,1.7413,2:03:00,3:21:00,1.3526,1.6695,-4.06E-04,-3.76E-04,35.7419009,0,35.7419009
7.9,Tegula,-2.96E-05,TEG_T15_74_20240430_O2,245.4051913,-0.003301341,16.34072881,S46,a,15,16,NA,74,0,2:15:00,3:17:00,115,0.0477,1.8394,2:01:00,3:23:00,1.3732,1.6936,-3.80E-04,-3.50E-04,26.41631811,0,26.41631811
7.9,Tegula,-2.96E-05,TEG_T19_05_20240430_O2,228.8266501,-0.004510877,20.07989266,S51,a,19,20,NA,5,0,14:37:00,15:38:00,115,0.0862,1.8612,14:19:00,15:43:00,1.4144,1.7981,-5.19E-04,-4.89E-04,20.42698698,0,20.42698698
7.9,Tegula,-2.96E-05,TEG_T19_17_20240430_O2,234.8016686,-0.003719008,19.99812429,S51,a,19,20,NA,17,0,14:37:00,15:38:00,114.5,0.0361,2.5809,14:20:00,15:42:00,2.0528,2.4991,-4.26E-04,-3.96E-04,39.50909412,0,39.50909412
7.9,Tegula,-2.96E-05,TEG_T19_18_20240430_O2,220.9030767,-0.006275581,19.89585311,S51,a,19,20,NA,18,0,14:37:00,15:38:00,115,0.0874,2.2872,14:22:00,15:40:00,1.7731,2.2347,-7.22E-04,-6.92E-04,28.50564913,0,28.50564913
7.9,Tegula,-2.96E-05,TEG_T7_53_20240614_O2,251.6116502,-0.005511829,20.12653409,S149,b,7,20,NA,53,0,10:41:00,11:42:00,115.25,0.0376,1.5918,10:35:00,11:45:00,1.2843,1.5336,-6.35E-04,-6.06E-04,57.9830067,0,57.9830067
7.9,Tegula,-2.96E-05,TEG_T7_54_20240614_O2,208.1608076,-0.004616362,20.06285227,S149,b,7,20,NA,54,0,10:41:00,11:42:00,115,0.0406,1.9161,10:35:00,11:45:00,1.5016,1.8871,-5.31E-04,-5.01E-04,44.44524798,0,44.44524798
7.9,Tegula,-2.96E-05,TEG_T7_58_20240614_O2,226.5942047,-0.006546586,20.09533523,S149,b,7,20,NA,58,0,10:41:00,11:42:00,115,0.0371,1.7421,10:35:00,11:45:00,1.4256,1.6742,-7.53E-04,-7.23E-04,70.17762275,0,70.17762275
8,Rockweed,-1.53E-05,RW_T13_73_Dark_20240428_O2,201.6003071,-0.007570943,20.34743333,S13,a,13,20,p,73,0,21:12:00,21:45:00,646,1.0033,3.1231,NA,NA,NA,NA,-0.004890829,-0.004875522,17.49414735,32.05114156,49.54528891
8,Rockweed,-1.53E-05,RW_T13_74_Dark_20240428_O2,235.1684607,-0.010004511,20.21662637,S13,a,13,20,c,74,0,21:12:00,21:45:00,646,0.9764,3.2797,NA,NA,NA,NA,-0.006462914,-0.006447607,23.77241272,28.51245102,52.28486375
8,Rockweed,-1.53E-05,RW_T13_75_Dark_20240428_O2,220.1244613,-0.01253681,20.13793333,S13,a,13,20,c,75,0,21:12:00,21:45:00,646,1.3728,4.1275,NA,NA,NA,NA,-0.008098779,-0.008083472,21.19791545,32.87431572,54.07223117
8,Rockweed,-1.53E-05,RW_T13_76_Dark_20240428_O2,235.7900539,-0.011580258,20.17655556,S13,a,13,20,c,76,0,21:12:00,21:45:00,648,0.8863,3.2155,NA,NA,NA,NA,-0.007504007,-0.0074887,30.41782564,90.88597666,121.3038023
8,Rockweed,-1.53E-05,RW_T13_77_Dark_20240428_O2,181.114312,-0.008847218,20.22012222,S13,a,13,20,p,77,0,21:12:00,21:45:00,648,1.0014,3.059,NA,NA,NA,NA,-0.005732997,-0.00571769,20.55490628,35.76054435,56.31545063
8,Rockweed,-1.53E-05,RW_T13_78_Dark_20240428_O2,230.4865255,-0.006036354,20.04294444,S13,a,13,20,p,78,0,21:12:00,21:45:00,648,0.7347,2.6386,NA,NA,NA,NA,-0.003911557,-0.00389625,19.09146538,51.73389528,70.82536066
8,Rockweed,-1.53E-05,RW_T14_79_Dark_20240612_O2,235.4360663,-0.003013611,19.85555385,S117,b,14,20,c,79,0,19:27:00,19:48:00,648,0.4776,1.6514,NA,NA,NA,NA,-0.00195282,-0.001937512,14.60436504,88.7783267,103.3826917
8,Rockweed,-1.53E-05,RW_T14_80_Dark_20240612_O2,224.7776428,-0.00543351,19.88547692,S117,b,14,20,c,80,0,19:27:00,19:48:00,647,0.7782,2.5054,NA,NA,NA,NA,-0.003515481,-0.003500173,16.19201297,34.72182377,50.91383674
8,Rockweed,-1.53E-05,RW_T14_81_Dark_20240612_O2,242.607321,-0.004347947,19.97247692,S117,b,14,20,p,81,0,19:27:00,19:48:00,648,0.8736,2.561,NA,NA,NA,NA,-0.00281747,-0.002802162,11.54737152,50.08959984,61.63697136
8,Rockweed,-1.53E-05,RW_T14_82_Dark_20240612_O2,236.0836803,-0.004031228,19.97815385,S117,b,14,20,p,82,0,19:27:00,19:48:00,647,0.7548,2.7541,NA,NA,NA,NA,-0.002608205,-0.002592897,12.36675842,86.17184046,98.53859888
8,Rockweed,-1.53E-05,RW_T14_83_Dark_20240612_O2,239.9527138,-0.004691787,19.94686154,S117,b,14,20,c,83,0,19:27:00,19:48:00,649,0.5416,1.9436,NA,NA,NA,NA,-0.00304497,-0.003029662,20.13808003,38.95279334,59.09087338
8,Rockweed,-1.53E-05,RW_T14_84_Dark_20240612_O2,187.6619404,-0.00318377,19.94449231,S117,b,14,20,p,84,0,19:27:00,19:48:00,646,0.7226,2.7762,NA,NA,NA,NA,-0.002056715,-0.002041408,10.17031347,35.92804127,46.09835474
8,Rockweed,-1.53E-05,RW_T17_91_Dark_20240613_O2,251.930878,-0.00652969,16.31769643,S107,b,17,16,c,91,0,14:22:00,14:44:00,648.5,0.8019,2.8175,NA,NA,NA,NA,-0.004234504,-0.004219196,18.94139827,39.62738357,58.56878185
8,Rockweed,-1.53E-05,RW_T17_92_Dark_20240613_O2,252.3780228,-0.007209391,16.54648214,S107,b,17,16,p,92,0,14:22:00,14:44:00,647.5,1.0265,3.1896,NA,NA,NA,NA,-0.004668081,-0.004652773,16.31756787,37.69226983,54.00983771
8,Rockweed,-1.53E-05,RW_T17_93_Dark_20240613_O2,258.8398804,-7.87E-04,16.46933929,S107,b,17,16,c,93,0,14:22:00,14:44:00,647,0.7062,2.1481,NA,NA,NA,NA,-5.09E-04,-4.94E-04,2.517662702,69.85128382,72.36894652
8,Rockweed,-1.53E-05,RW_T17_94_Dark_20240613_O2,259.5654472,-0.008092892,16.38898214,S107,b,17,16,p,94,0,14:22:00,14:44:00,646.5,0.8753,2.7165,NA,NA,NA,NA,-0.005232055,-0.005216747,21.4558321,56.74574385,78.20157596
8,Rockweed,-1.53E-05,RW_T17_95_Dark_20240613_O2,256.1261441,-0.008089357,16.40825,S107,b,17,16,p,95,0,14:22:00,14:44:00,646.5,1.0481,3.7815,NA,NA,NA,NA,-0.005229769,-0.005214462,17.91056434,63.26725572,81.17782006
8,Rockweed,-1.53E-05,RW_T17_96_Dark_20240613_O2,245.1648657,-0.005155614,16.38682143,S107,b,17,16,c,96,0,14:22:00,14:44:00,647.5,0.6269,2.4619,NA,NA,NA,NA,-0.00333826,-0.003322953,19.0821969,34.24649101,53.3286879
8,Rockweed,-1.53E-05,RW_T18_100_Dark_20240429_O2,249.3920378,-0.003895114,16.37097701,S18,a,18,16,c,100,0,12:46:00,13:18:00,648,0.8466,2.9928,NA,NA,NA,NA,-0.002524034,-0.002508726,10.66786551,73.32244645,83.99031196
8,Rockweed,-1.53E-05,RW_T18_101_Dark_20240429_O2,188.4007206,-0.004652727,16.37291954,S18,a,18,16,c,101,0,12:46:00,13:18:00,648,1.2779,3.8461,NA,NA,NA,NA,-0.003014967,-0.00299966,8.450406562,25.44989269,33.90029925
8,Rockweed,-1.53E-05,RW_T18_102_Dark_20240429_O2,233.1909552,-0.004428857,16.2593908,S18,a,18,16,p,102,0,12:46:00,13:18:00,648,0.8044,2.9943,NA,NA,NA,NA,-0.002869899,-0.002854592,12.77539857,34.26741876,47.04281733
8,Rockweed,-1.53E-05,RW_T18_97_Dark_20240429_O2,200.654704,-0.003191616,16.36721839,S18,a,18,16,p,97,0,12:46:00,13:18:00,648,0.8097,2.6123,NA,NA,NA,NA,-0.002068167,-0.00205286,9.127201192,47.60347833,56.73067952
8,Rockweed,-1.53E-05,RW_T18_98_Dark_20240429_O2,212.6660905,-0.003654942,16.40064368,S18,a,18,16,p,98,0,12:46:00,13:18:00,648,0.9123,2.7263,NA,NA,NA,NA,-0.002368402,-0.002353095,9.28547813,22.16685394,31.45233207
8,Rockweed,-1.53E-05,RW_T18_99_Dark_20240429_O2,250.0597331,-0.004698631,16.3392069,S18,a,18,16,c,99,0,12:46:00,13:18:00,646,0.9821,3.1062,NA,NA,NA,NA,-0.003035316,-0.003020008,11.07018558,61.51005232,72.5802379
8,Tegula,-2.99E-05,TEG_T13_03_20240430_O2,224.1864208,-0.003542605,20.14339773,S52,a,13,20,NA,3,0,16:23:00,17:24:00,115,0.0445,2.3898,16:00:00,17:27:00,1.9494,2.3647,-4.07E-04,-3.77E-04,30.5362173,0,30.5362173
8,Tegula,-2.99E-05,TEG_T13_15_20240430_O2,237.0859023,-0.00301784,20.29653977,S52,a,13,20,NA,15,0,16:23:00,17:24:00,115,0.1149,1.7951,16:02:00,17:30:00,1.4442,1.7533,-3.47E-04,-3.17E-04,9.935674151,0,9.935674151
8,Tegula,-2.99E-05,TEG_T13_59_20240430_O2,229.7351247,-0.003791398,20.12563068,S52,a,13,20,NA,59,0,16:23:00,17:24:00,115,0.0451,2.2136,16:05:00,17:31:00,1.8067,2.1855,-4.36E-04,-4.06E-04,32.41379095,0,32.41379095
8,Tegula,-2.99E-05,TEG_T14_17_20240614_O2,233.5554486,-0.00397997,20.2209887,S154,b,14,20,NA,17,0,1:34:00,2:35:00,115.25,0.0313,1.4391,1:25:00,2:38:00,1.1725,1.4052,-4.59E-04,-4.29E-04,49.31350649,0,49.31350649
8,Tegula,-2.99E-05,TEG_T14_50_20240614_O2,241.8387009,-0.004692664,20.16925989,S154,b,14,20,NA,50,0,1:34:00,2:35:00,115,0.033,1.7413,1:25:00,2:38:00,1.4222,1.7484,-5.40E-04,-5.10E-04,55.60563927,0,55.60563927
8,Tegula,-2.99E-05,TEG_T14_63_20240614_O2,232.9613283,-0.004265159,20.00946328,S154,b,14,20,NA,63,0,1:34:00,2:35:00,115,0.0347,2.0212,1:25:00,2:38:00,1.6078,1.9747,-4.90E-04,-4.61E-04,47.78095176,0,47.78095176
8,Tegula,-2.99E-05,TEG_T17_15_20240615_O2,210.5523767,-0.002379261,15.83117045,S143,b,17,16,NA,15,0,12:40:00,13:42:00,115.25,0.0337,1.5689,12:25:00,1:45:00,1.283,1.5497,-2.74E-04,-2.44E-04,26.09432015,0,26.09432015
8,Tegula,-2.99E-05,TEG_T17_34_20240615_O2,227.3195228,-0.002304612,15.89721023,S143,b,17,16,NA,34,0,12:40:00,13:42:00,115,0.0331,1.7216,12:25:00,1:45:00,1.4096,1.6919,-2.65E-04,-2.35E-04,25.56895976,0,25.56895976
8,Tegula,-2.99E-05,TEG_T17_44_20240615_O2,251.5269694,-0.004948028,15.89841477,S143,b,17,16,NA,44,0,12:40:00,13:42:00,115,0.051,2.1325,12:25:00,1:45:00,1.6951,2.0688,-5.69E-04,-5.39E-04,38.05307435,0,38.05307435
8,Tegula,-2.99E-05,TEG_T18_08_20240430_O2,191.3893848,-0.001856451,16.36558192,S39,a,18,16,NA,8,0,19:50:00,20:25:00,120,0.0339,2.1306,6:37:00,8:30:00,1.6984,2.0516,-2.23E-04,-1.93E-04,20.47817204,0,20.47817204
8,Tegula,-2.99E-05,TEG_T18_11_20240430_O2,211.0822672,-0.002415476,16.29094915,S39,a,18,16,NA,11,0,19:50:00,20:25:00,120.5,0.041,2.1805,6:38:00,8:35:00,1.7291,2.1692,-2.91E-04,-2.61E-04,22.92821192,0,22.92821192
8,Tegula,-2.99E-05,TEG_T18_37_20240430_O2,240.4468629,-0.002337688,16.18669492,S39,a,18,16,NA,37,0,19:50:00,20:25:00,121,0.0476,2.022,6:35:00,8:39:00,1.5828,1.9798,-2.83E-04,-2.53E-04,19.12857338,0,19.12857338
